,start,n_intervals,device_id,prices
0,2023-10-10 15:15:00+00:00,60,1,"[12.742, 13.927, 10.478000000000002, 8.674, 8.865, 6.890000000000001, 6.325, 2.606, 0.785, 0.231, 0.326, 1.0, 8.013, 12.716, 12.788]"
1,2023-11-15 16:15:00+00:00,58,1,"[12.990000000000002, 12.108, 11.01, 9.75, 9.166, 8.421, 8.546, 8.325000000000001, 7.512, 7.406, 8.11, 8.703000000000001, 10.006, 12.69]"
2,2023-11-22 13:15:00+00:00,8,1,"[11.984000000000002, 12.7]"
3,2023-11-26 12:45:00+00:00,72,1,"[11.51, 12.326, 13.415, 14.381, 14.967, 14.378, 13.591, 12.241, 11.899, 10.244, 9.926000000000002, 9.409, 8.99, 8.882, 8.791, 9.409, 12.201, 13.892]"
4,2023-12-04 13:45:00+00:00,68,1,"[12.484000000000002, 12.227, 12.775, 12.463, 12.097, 11.448, 10.555, 10.0, 9.176, 9.085, 8.801, 8.573, 8.362, 8.471, 9.102, 10.8, 11.432]"
5,2023-12-06 12:00:00+00:00,4,1,"[14.103000000000002, 14.05]"
6,2023-12-06 16:15:00+00:00,8,1,"[16.528000000000002, 14.993000000000002]"
7,2023-12-08 15:15:00+00:00,15,1,"[11.799, 11.86, 10.556, 10.462000000000002]"
8,2023-12-10 16:30:00+00:00,57,1,"[8.542, 8.076, 7.805, 7.714, 7.802, 6.916, 3.444, 1.55, 1.2720000000000002, 0.862, 1.1820000000000002, 3.804, 7.459, 9.136]"
9,2023-12-30 09:00:00+00:00,7,1,"[2.391, 1.989]"
10,2024-01-05 16:15:00+00:00,11,1,"[10.845, 10.396, 10.009]"
11,2024-01-10 13:15:00+00:00,5,1,[12.38]
12,2024-01-26 09:45:00+00:00,7,1,"[5.914, 5.228]"
13,2024-02-18 08:00:00+00:00,26,1,"[4.303, 4.045, 4.1, 4.01, 3.988, 4.287, 5.429]"
14,2024-02-24 12:00:00+00:00,92,1,"[3.222, 3.76, 4.5, 5.595, 7.167, 8.0, 7.413, 6.517, 5.994, 5.622, 5.22, 5.657, 5.544, 5.538, 5.489, 5.519, 5.507, 5.671, 5.992, 6.158, 6.182, 5.631, 5.412, 5.0]"
15,2024-02-27 13:00:00+00:00,4,1,"[6.471, 7.206]"
16,2024-01-18 15:15:00+00:00,62,2,"[10.468, 10.326, 9.453, 8.697, 8.312, 8.093, 7.361, 7.058, 6.695, 6.563, 6.276, 6.332, 6.747, 7.794, 8.717]"
17,2023-12-14 19:00:00+00:00,79,3,"[10.281, 9.62, 9.446, 8.557, 8.613, 8.293000000000001, 8.01, 7.655, 7.516, 8.041, 9.597, 10.695, 12.15, 11.744, 10.997, 10.275, 9.413, 8.83, 8.690000000000001, 8.986]"
18,2024-01-16 11:30:00+00:00,81,3,"[9.498, 9.6, 11.025, 11.139, 12.815, 12.731, 11.177, 9.549, 8.621, 8.204, 7.769, 7.161, 7.152, 7.069, 6.974, 6.947, 7.106, 7.509, 8.439, 9.65]"
19,2023-10-23 12:45:00+00:00,11,1,"[12.872, 13.867, 15.497]"
20,2024-01-16 15:30:00+00:00,10,1,"[12.815, 12.731, 11.177]"
21,2023-10-25 12:15:00+00:00,11,1,"[13.813, 14.751, 15.373]"
22,2023-11-13 16:45:00+00:00,56,1,"[8.573, 8.127, 7.494, 6.136, 5.107, 1.01, 1.007, 0.105, -0.001, -0.008, -0.004, 0.104, 4.66, 7.691]"
23,2023-11-16 17:15:00+00:00,54,1,"[12.523, 12.118000000000002, 11.5, 11.02, 10.085, 10.6, 10.0, 9.565, 9.276, 9.57, 10.32, 11.935, 13.103000000000002]"
24,2023-12-03 08:00:00+00:00,23,1,"[10.015, 10.496, 10.507, 10.291, 10.0, 10.568]"
25,2023-12-06 18:15:00+00:00,49,1,"[12.991, 11.568, 10.733, 10.044, 9.92, 9.785, 9.686, 9.181000000000001, 8.992, 9.453, 11.658, 13.122]"
26,2023-12-12 16:30:00+00:00,57,1,"[10.5, 9.422, 9.215, 8.814, 8.337000000000002, 7.75, 7.536, 7.2959999999999985, 7.370000000000001, 7.143000000000001, 7.302, 7.545, 8.31, 10.241]"
27,2024-01-09 16:45:00+00:00,4,1,[13.78]
28,2024-01-09 17:45:00+00:00,52,1,"[13.043, 12.024, 11.168, 10.618, 9.709, 8.929, 8.676, 8.673, 8.609, 8.63, 8.905, 10.888, 12.629]"
29,2024-01-10 20:00:00+00:00,43,1,"[10.976, 10.449, 9.603, 9.175, 8.859, 8.725, 8.238, 8.195, 8.936, 10.207, 11.686]"
30,2024-01-16 18:00:00+00:00,51,1,"[11.177, 9.549, 8.621, 8.204, 7.769, 7.161, 7.152, 7.069, 6.974, 6.947, 7.106, 7.509, 8.439]"
31,2024-01-17 10:00:00+00:00,8,1,"[11.11, 11.771, 12.17]"
32,2024-01-18 18:30:00+00:00,49,1,"[8.697, 8.312, 8.093, 7.361, 7.058, 6.695, 6.563, 6.276, 6.332, 6.747, 7.794, 8.717]"
33,2024-01-29 18:45:00+00:00,66,1,"[9.198, 8.679, 8.342, 8.029, 7.194, 6.879, 6.937, 6.744, 6.718, 6.937, 7.843, 9.06, 9.593, 8.493, 7.715, 7.01, 6.81]"
34,2024-01-31 10:15:00+00:00,11,1,"[7.491, 6.766, 6.669]"
35,2024-02-05 09:00:00+00:00,4,1,"[5.293, 4.015]"
36,2024-02-12 18:30:00+00:00,49,1,"[7.915, 7.154, 6.587, 6.19, 6.859, 6.537, 6.341, 6.049, 6.006, 6.359, 7.069, 8.218]"
37,2024-02-18 14:30:00+00:00,65,1,"[6.287, 7.2, 7.366, 7.059, 6.471, 5.983, 5.733, 5.394, 4.4, 4.304, 4.421, 4.391, 4.492, 5.157, 6.86, 7.909]"
38,2024-02-27 16:45:00+00:00,56,1,"[11.18, 10.517, 8.436, 7.237, 7.027, 6.497, 6.036, 5.94, 6.134, 6.346, 6.374, 6.744, 7.43, 9.889]"
39,2024-02-29 09:45:00+00:00,8,1,"[5.501, 5.398]"
40,2023-12-05 18:15:00+00:00,50,2,"[12.863, 11.783, 11.155, 10.328, 9.497, 9.31, 9.257, 9.096, 9.059, 9.389, 10.694, 13.386000000000005]"
41,2024-01-08 18:00:00+00:00,51,1,"[12.212, 11.421, 10.283, 9.998, 9.149, 8.816, 8.704, 8.5, 8.414, 8.572, 8.928, 10.851, 12.406]"
42,2023-12-04 16:15:00+00:00,78,2,"[12.463, 12.097, 11.448, 10.555, 10.0, 9.176, 9.085, 8.801, 8.573, 8.362, 8.471, 9.102, 10.8, 11.432, 12.228000000000002, 12.288, 12.055, 12.127, 11.834]"
43,2023-11-13 13:15:00+00:00,7,1,"[8.731, 8.118]"
44,2023-12-22 13:30:00+00:00,12,1,"[3.4170000000000003, 4.241, 4.295000000000001]"
45,2023-10-13 12:15:00+00:00,3,1,[0.424]
46,2024-02-05 08:15:00+00:00,3,1,[5.293]
47,2024-02-09 17:30:00+00:00,61,1,"[8.705, 8.044, 7.52, 7.491, 7.094, 6.31, 6.408, 6.44, 6.439, 6.441, 6.582, 7.091, 7.486, 7.77, 8.038]"
48,2023-11-17 13:45:00+00:00,10,1,"[12.999000000000002, 13.765, 14.632]"
49,2023-11-29 13:15:00+00:00,5,1,[16.8]
50,2024-01-18 13:45:00+00:00,19,1,"[9.425, 9.952, 10.468, 10.326, 9.453]"
51,2023-11-06 14:30:00+00:00,66,1,"[11.217, 13.767, 15.094, 13.952000000000002, 11.112000000000002, 10.567, 9.908, 8.774, 7.89, 7.63, 7.08, 6.801000000000001, 7.025, 8.334999999999999, 10.128, 13.289, 13.605000000000002]"
52,2023-12-28 15:45:00+00:00,66,1,"[4.683, 4.59, 3.855, 1.998, 1.375, 1.772, 0.1, 0.0, -0.008, -0.028, -0.093, -0.095, -0.026, -0.007, -0.001, 0.444, 0.109]"
53,2024-02-28 07:00:00+00:00,24,1,"[10.449, 8.546, 7.399, 6.755, 6.393, 6.072, 6.151]"
54,2023-10-24 13:30:00+00:00,77,1,"[12.916, 14.0, 14.987000000000002, 15.407, 13.345, 11.931, 11.41, 10.278, 9.907, 9.456, 8.943000000000001, 8.606, 9.054, 9.699, 12.55, 15.016, 15.287, 14.049, 13.002000000000002]"
55,2024-02-23 14:15:00+00:00,6,1,[6.308]
56,2023-11-02 13:15:00+00:00,70,1,"[7.608, 7.943000000000001, 8.726, 9.795, 9.384, 8.776000000000002, 7.595, 7.227, 5.704000000000001, 1.517, 1.147, 1.0, 0.573, 0.973, 2.3600000000000003, 6.158, 8.98]"
57,2023-11-11 08:00:00+00:00,8,1,"[9.489, 9.128, 9.022]"
58,2024-02-15 09:15:00+00:00,15,1,"[6.996, 6.663, 6.619, 6.991]"
59,2023-10-23 10:15:00+00:00,8,1,"[10.322, 10.7]"
60,2024-01-29 16:15:00+00:00,3,1,[11.73]
61,2024-01-31 07:00:00+00:00,5,1,"[11.993, 9.361]"
62,2023-10-30 13:15:00+00:00,8,1,"[13.945, 14.493000000000002]"
63,2024-03-01 07:45:00+00:00,24,1,"[7.588, 6.652, 6.476, 6.308, 6.463, 6.711]"
64,2023-11-24 16:00:00+00:00,65,1,"[9.097, 9.025, 8.623000000000001, 8.15, 7.474, 7.756, 7.284, 7.806999999999999, 7.403, 7.207, 7.1610000000000005, 6.999, 7.419, 7.981, 8.708, 9.429, 9.174]"
65,2023-12-23 16:45:00+00:00,67,1,"[6.6450000000000005, 6.155, 5.370000000000001, 4.156000000000001, 2.029, 0.774, 0.0, -0.003, -0.0289999999999999, -0.097, -0.374, -0.497, -0.422, -0.291, -0.293, -0.313, -0.515]"
66,2024-02-02 13:15:00+00:00,11,1,"[5.309, 5.273, 5.85]"
67,2023-12-12 14:45:00+00:00,7,1,"[11.793, 11.088]"
68,2024-02-12 16:45:00+00:00,7,1,"[9.6, 8.908]"
69,2023-12-02 11:15:00+00:00,83,1,"[11.458, 11.852, 12.35, 12.979, 14.404, 14.496000000000002, 12.956, 12.252, 11.483, 10.988, 10.601, 10.83, 10.268, 9.988, 9.862000000000002, 9.462, 9.172, 8.886000000000001, 9.213, 9.702, 10.015]"
70,2024-02-29 09:00:00+00:00,3,1,[6.047]
71,2023-10-13 14:30:00+00:00,73,1,"[4.648, 7.423000000000002, 7.63, 1.594, 0.505, 0.02, -0.081, -0.009, -0.187, -0.149, -0.172, -0.221, -0.208, -0.096, -0.002, 0.909, 2.06, 0.108]"
72,2023-10-30 18:30:00+00:00,52,1,"[12.902, 11.727, 11.326, 9.540000000000001, 8.605, 7.92, 7.196, 6.48, 6.197, 6.977, 8.848, 10.739, 10.802]"
73,2023-11-18 07:30:00+00:00,5,1,[9.736]
74,2023-11-18 14:00:00+00:00,68,1,"[9.761, 9.598, 10.507, 10.734000000000002, 9.124, 8.31, 7.798000000000002, 7.376000000000001, 5.811, 1.913, 0.567, 0.41, 0.013, 0.007, 0.009, 0.233, 0.559, 1.449, 1.882, 1.259, 1.266, 1.167, 0.1, 1.5550000000000002, 6.731000000000001, 8.098, 9.502, 10.455, 10.382, 8.865, 8.438, 8.805, 8.005, 6.83, 6.268000000000001, 5.991, 6.003, 6.476000000000001, 8.043000000000001, 10.275, 12.809, 12.667000000000002]"
75,2023-11-29 16:15:00+00:00,56,1,"[25.0, 20.0, 16.1, 13.901, 12.85, 11.427, 10.479, 10.452, 10.22, 10.0, 10.163, 10.63, 12.941, 16.809]"
76,2024-01-25 12:00:00+00:00,4,1,"[7.786, 8.707]"
77,2024-02-23 22:45:00+00:00,33,1,"[6.647, 6.39, 5.95, 5.52, 5.539, 5.71, 6.167, 6.611, 6.44]"
78,2023-10-06 06:45:00+00:00,57,5,[]
79,2023-11-02 08:30:00+00:00,27,5,"[6.008, 6.143000000000001, 6.04, 5.936, 6.95, 7.608, 7.943000000000001]"
80,2023-11-17 10:45:00+00:00,5,5,"[11.95, 11.2]"
81,2023-11-24 07:45:00+00:00,35,5,"[9.399, 8.695, 7.942, 7.633, 7.1450000000000005, 7.538, 7.737000000000001, 8.524, 9.097]"
82,2023-11-26 13:00:00+00:00,74,5,"[11.51, 12.326, 13.415, 14.381, 14.967, 14.378, 13.591, 12.241, 11.899, 10.244, 9.926000000000002, 9.409, 8.99, 8.882, 8.791, 9.409, 12.201, 13.892, 14.499000000000002]"
83,2023-11-30 18:45:00+00:00,52,5,"[15.393, 13.272, 12.472, 11.379, 10.691, 10.263, 9.91, 9.588, 9.607, 10.231000000000002, 12.003, 15.211000000000002, 20.346000000000004]"
84,2023-12-05 07:15:00+00:00,27,5,"[12.288, 12.055, 12.127, 11.834, 11.853000000000002, 12.726, 12.259]"
85,2023-12-18 11:15:00+00:00,14,5,"[7.490000000000002, 8.11, 8.911]"
86,2023-12-23 14:15:00+00:00,9,5,"[5.805, 6.812000000000001, 6.6450000000000005, 6.155, 5.370000000000001, 4.156000000000001, 2.029, 0.774, 0.0, -0.003, -0.0289999999999999, -0.097, -0.374, -0.497, -0.422, -0.291, -0.293, -0.313, -0.515, -0.357, -0.295, -0.377, -0.219, -0.2259999999999999, -0.205, -0.236]"
87,2024-01-05 10:00:00+00:00,95,5,"[9.822, 9.224, 9.154, 9.641, 10.005, 10.297, 10.738, 10.845, 10.396, 10.009, 9.419, 9.492, 8.68, 8.225, 8.02, 7.613, 7.301, 7.301, 7.459, 7.51, 8.139, 8.84, 9.223, 9.73]"
88,2024-01-11 14:30:00+00:00,75,5,"[13.735, 15.009, 13.669, 13.231, 11.788, 10.719, 10.0, 9.722, 9.104, 8.822, 8.522, 8.463, 8.434, 8.532, 9.211, 11.816, 14.074, 13.496, 12.201]"
89,2024-01-23 12:15:00+00:00,74,5,"[6.27, 7.463, 7.895, 8.159, 8.451, 7.455, 6.195, 5.374, 4.536, 3.326, 0.305, -0.003, -0.064, -0.441, -0.484, -0.018, 1.476, 4.209]"
90,2024-02-02 16:15:00+00:00,87,5,"[6.897, 6.334, 5.506, 4.968, 4.603, 3.605, 2.474, 1.285, 0.673, 1.051, 0.853, 0.88, 1.648, 3.417, 4.599, 4.597, 3.562, 3.042, 3.058, 3.062, 4.074, 4.37]"
91,2024-02-06 17:00:00+00:00,55,5,"[6.196, 6.116, 5.914, 5.644, 5.652, 5.236, 4.117, 3.552, 3.415, 4.659, 5.447, 5.963, 7.483, 8.667]"
92,2024-02-21 07:30:00+00:00,25,5,"[7.034, 6.41, 6.039, 5.301, 5.122, 5.377]"
93,2023-11-21 16:45:00+00:00,56,1,"[14.208000000000002, 13.235, 12.479, 11.052, 11.091, 9.804000000000002, 9.8, 9.501, 9.501, 9.2, 9.249, 9.487, 12.017, 14.073]"
94,2024-01-15 17:30:00+00:00,53,1,"[11.038, 10.242, 9.178, 8.949, 8.643, 8.145, 8.107, 7.992, 7.819, 7.697, 8.145, 9.407, 11.477]"
95,2024-01-20 11:45:00+00:00,79,1,"[6.878, 7.339, 7.911, 8.78, 9.493, 9.987, 9.157, 8.197, 7.574, 7.468, 6.913, 6.683, 5.755, 5.515, 5.089, 4.851, 4.745, 4.553, 4.396, 5.136]"
96,2023-12-06 08:30:00+00:00,4,5,[15.0]
97,2024-01-04 17:45:00+00:00,1,5,[12.5]
98,2024-01-12 13:15:00+00:00,79,5,"[11.0, 12.0, 12.75, 12.6, 11.947, 10.879, 9.848, 9.337, 8.538, 9.0, 8.5, 8.2, 7.847, 7.5, 7.492, 7.81, 8.222, 8.526, 7.511, 7.421]"
99,2024-02-07 07:00:00+00:00,0,5,[8.7]
100,2023-10-09 12:45:00+00:00,62,6,"[10.991, 11.302, 12.932, 18.922, 22.17, 18.45, 13.275, 12.0, 11.27, 10.4, 10.06, 9.990000000000002, 9.952, 9.739, 11.071, 13.0]"
101,2023-10-30 08:30:00+00:00,14,6,"[9.0, 9.617, 10.254, 11.462000000000002]"
102,2023-11-01 15:45:00+00:00,7,6,"[8.495000000000001, 7.95]"
103,2024-02-16 12:15:00+00:00,86,6,"[5.378, 6.259, 6.999, 7.258, 7.742, 7.678, 7.247, 6.94, 6.805, 6.002, 5.731, 5.7, 5.588, 5.466, 5.462, 5.548, 5.517, 5.69, 6.489, 6.329, 6.202]"
104,2024-02-17 11:00:00+00:00,14,6,"[5.826, 5.525, 5.909, 6.883]"
105,2024-02-29 11:00:00+00:00,14,6,"[5.398, 5.602, 5.507, 6.496]"
106,2023-11-09 17:15:00+00:00,0,5,[]
107,2024-01-14 16:45:00+00:00,56,1,"[9.697, 8.891, 8.1, 7.86, 7.539, 6.719, 6.79, 6.5, 6.394, 6.204, 6.204, 6.925, 7.995, 8.384]"
108,2023-11-04 10:15:00+00:00,25,5,"[2.0, 2.1140000000000003, 3.079, 4.269, 4.0, 4.876]"
109,2023-11-06 12:15:00+00:00,18,5,"[8.029000000000002, 10.008, 11.217, 13.767]"
110,2023-11-07 07:00:00+00:00,31,5,"[13.605000000000002, 11.493000000000002, 9.945, 8.903, 8.621, 8.879000000000001, 9.749, 10.807]"
111,2023-11-08 13:45:00+00:00,7,5,"[10.542000000000002, 11.681]"
112,2024-01-25 16:15:00+00:00,59,3,"[11.554, 9.879, 9.107, 8.631, 8.043, 7.516, 6.28, 6.2, 5.849, 5.773, 5.707, 5.216, 5.937, 7.112, 7.659]"
113,2023-10-14 07:45:00+00:00,7,5,"[0.108, -0.005]"
114,2023-10-23 10:45:00+00:00,17,5,"[10.322, 10.7, 12.872, 13.867, 15.497]"
115,2023-10-24 12:15:00+00:00,17,5,"[13.217, 12.916, 14.0, 14.987000000000002]"
116,2023-11-15 15:15:00+00:00,8,5,"[12.784, 12.990000000000002, 12.108, 11.01, 9.75, 9.166, 8.421, 8.546, 8.325000000000001, 7.512, 7.406, 8.11, 8.703000000000001, 10.006, 12.69, 12.999000000000002, 12.859000000000002, 12.01, 11.662, 12.263, 13.164, 14.682, 15.85, 15.824000000000002, 18.239, 14.226]"
117,2023-11-29 13:45:00+00:00,63,5,"[16.8, 20.0, 25.0, 25.0, 20.0, 16.1, 13.901, 12.85, 11.427, 10.479, 10.452, 10.22, 10.0, 10.163, 10.63, 12.941]"
118,2023-12-14 11:45:00+00:00,24,5,"[12.375, 12.413, 13.074000000000002, 12.858000000000002, 12.793, 12.616]"
119,2024-01-26 08:30:00+00:00,22,5,"[6.161, 5.914, 5.228, 4.647, 4.928, 5.011]"
120,2024-02-01 18:30:00+00:00,62,5,"[8.997, 8.329, 8.188, 7.338, 6.427, 5.994, 5.8, 5.469, 5.323, 5.507, 6.694, 7.699, 8.932, 8.59, 8.077, 7.515]"
121,2024-02-20 11:15:00+00:00,81,5,"[5.142, 5.179, 5.616, 6.308, 7.054, 7.125, 7.347, 6.848, 6.133, 5.686, 5.277, 5.065, 4.847, 4.684, 4.477, 4.539, 5.003, 6.6, 8.134, 8.511]"
122,2023-12-14 19:00:00+00:00,76,5,"[10.281, 9.62, 9.446, 8.557, 8.613, 8.293000000000001, 8.01, 7.655, 7.516, 8.041, 9.597, 10.695, 12.15, 11.744, 10.997, 10.275, 9.413, 8.83, 8.690000000000001, 8.986]"
123,2023-12-17 16:30:00+00:00,75,5,"[7.368000000000001, 7.067, 5.979, 5.8950000000000005, 5.973, 4.781000000000001, 5.29, 5.116, 4.981000000000001, 4.9030000000000005, 5.247, 6.214, 8.381, 10.338, 10.924, 10.146, 8.903, 8.117, 7.489]"
124,2023-10-25 12:00:00+00:00,80,5,"[12.447, 13.813, 14.751, 15.373, 15.462000000000002, 15.771, 13.708000000000002, 12.355, 12.006, 11.28, 8.948, 8.991, 8.749, 8.704, 8.992, 10.0, 11.708, 13.366, 14.385, 14.9, 14.637]"
125,2023-10-30 12:45:00+00:00,9,5,"[12.398, 13.945, 14.493000000000002]"
126,2023-11-01 09:15:00+00:00,17,5,"[5.140000000000001, 4.764, 5.199000000000001, 6.407]"
127,2023-12-26 11:45:00+00:00,27,5,"[0.0, 0.056, 1.003, 4.734000000000001, 5.299, 5.366, 5.305]"
128,2023-10-15 08:00:00+00:00,8,5,"[0.507, 0.004, -0.009, -0.1, -0.176, -0.023, 0.104, 8.08, 13.990000000000002, 13.498, 13.226, 11.503, 11.696, 9.528, 10.362000000000002, 9.703, 9.837, 9.663, 9.443, 9.827, 13.956, 15.937, 16.572, 15.449000000000002, 12.196, 11.682, 11.379]"
129,2023-10-16 10:00:00+00:00,24,5,"[11.379, 10.625, 10.949, 11.675, 13.896, 16.683000000000003, 21.106]"
130,2024-01-07 10:15:00+00:00,22,5,"[8.866, 8.481, 8.434, 8.801, 9.342]"
131,2024-01-07 17:45:00+00:00,57,5,"[10.355, 10.05, 9.331, 9.117, 8.386, 8.702, 8.432, 8.182, 7.911, 7.848, 8.21, 9.43, 11.11, 12.111, 11.783]"
132,2023-10-06 00:00:00+00:00,25,5,[]
133,2024-01-28 08:45:00+00:00,17,5,"[5.116, 4.575, 4.158, 4.009, 5.065]"
134,2023-10-11 17:15:00+00:00,50,1,"[12.255, 10.195, 9.886, 8.992, 7.831, 8.295, 8.373000000000001, 8.782, 8.904000000000002, 10.26, 12.65, 13.284]"
135,2023-11-21 16:00:00+00:00,2,1,[14.697]
136,2023-12-13 18:45:00+00:00,47,1,"[9.658, 9.088, 9.235, 8.425, 7.734000000000002, 7.63, 7.715, 7.719, 7.914, 8.257, 9.848, 11.967]"
137,2023-12-31 08:30:00+00:00,9,1,"[1.4, 1.051]"
138,2024-01-07 14:30:00+00:00,21,1,"[9.342, 10.177, 10.485, 10.355, 10.05]"
139,2024-01-11 17:45:00+00:00,52,1,"[13.231, 11.788, 10.719, 10.0, 9.722, 9.104, 8.822, 8.522, 8.463, 8.434, 8.532, 9.211, 11.816]"
140,2024-01-24 09:45:00+00:00,3,1,[5.078]
141,2024-01-28 15:30:00+00:00,61,1,"[7.784, 7.193, 6.988, 6.825, 5.717, 5.943, 5.6, 4.997, 4.726, 4.812, 4.797, 5.158, 6.006, 8.0, 9.357]"
142,2024-02-05 18:00:00+00:00,51,1,"[6.184, 6.048, 5.965, 5.63, 4.741, 3.504, 2.765, 0.708, 0.307, 0.194, 1.938, 5.0, 6.816]"
143,2024-02-25 11:00:00+00:00,15,1,"[5.0, 4.603, 4.984, 5.5]"
144,2024-03-04 18:45:00+00:00,47,1,"[8.052, 7.139, 6.749, 6.393, 6.196, 6.167, 6.133, 5.986, 6.056, 6.167, 7.153, 7.928]"
145,2023-10-06 11:45:00+00:00,0,2,[]
146,2023-10-20 12:45:00+00:00,71,2,"[9.531, 9.903, 10.85, 11.754, 12.029000000000002, 10.194, 8.286, 7.851000000000002, 5.644, 5.3100000000000005, 3.727, 3.974, 3.3950000000000005, 3.715, 3.514, 4.37, 6.667000000000001, 7.495000000000001, 5.871, 4.483, 3.1100000000000003, 2.08, 1.0, 1.3210000000000002, 2.8030000000000004, 8.435, 11.477, 12.840000000000002, 11.472, 9.021, 5.339, 4.933, 4.015, 3.937, 3.036, 1.861, 1.5630000000000002, 1.835, 3.4320000000000004, 3.026, 5.82, 5.45, 6.283, 5.158, 4.859000000000001, 4.4990000000000006, 2.9190000000000005, 3.186, 5.129, 7.731999999999998, 12.583, 13.529, 13.902, 12.605, 11.247, 10.218000000000002, 9.666, 9.946, 10.006, 10.128, 10.011, 9.873, 10.541, 14.29, 17.75, 19.839]"
147,2023-11-29 16:15:00+00:00,57,2,"[25.0, 20.0, 16.1, 13.901, 12.85, 11.427, 10.479, 10.452, 10.22, 10.0, 10.163, 10.63, 12.941, 16.809]"
148,2023-12-15 12:45:00+00:00,79,2,"[8.690000000000001, 8.986, 9.813, 10.433, 10.176000000000002, 9.318, 9.336, 8.836, 8.677, 7.6709999999999985, 6.720000000000001, 6.321000000000001, 6.037, 5.800000000000001, 5.41, 5.564, 5.934000000000001, 6.51, 7.989, 8.366, 8.164, 7.581, 7.140000000000001, 7.059000000000001, 7.525, 8.035, 8.371, 8.758000000000001, 8.812000000000001, 8.194, 7.491, 6.3340000000000005, 6.241, 5.312, 4.534000000000001, 4.28, 4.296, 2.869, 2.6370000000000005, 2.987, 3.903000000000001, 4.531000000000001, 5.767, 5.917000000000001, 5.4430000000000005, 4.9, 4.371, 4.004, 4.585, 5.674, 6.299, 7.661, 7.368000000000001, 7.067, 5.979, 5.8950000000000005, 5.973, 4.781000000000001, 5.29, 5.116, 4.981000000000001, 4.9030000000000005, 5.247, 6.214, 8.381, 10.338, 10.924, 10.146]"
149,2024-01-11 17:15:00+00:00,54,2,"[13.231, 11.788, 10.719, 10.0, 9.722, 9.104, 8.822, 8.522, 8.463, 8.434, 8.532, 9.211, 11.816]"
150,2024-01-22 16:45:00+00:00,53,2,"[7.735, 7.199, 6.665, 5.7, 5.589, 4.988, 1.623, 1.01, 0.937, 0.417, 1.022, 3.923, 5.976, 7.642]"
151,2023-10-06 16:45:00+00:00,54,3,"[0.005, 0.004, 0.01, 0.067, 0.6070000000000001, 2.138, 5.244, 6.7170000000000005, 7.082]"
152,2023-10-07 08:15:00+00:00,16,3,"[1.962, 1.038, 0.022, 0.1]"
153,2023-10-07 19:15:00+00:00,74,3,"[7.619, 7.2, 7.07, 7.064, 7.062000000000001, 7.061, 7.181000000000001, 7.709, 8.351, 10.0, 10.212000000000002, 10.086, 8.694, 7.651, 7.057, 5.515000000000001, 5.460000000000001, 7.08]"
154,2023-10-10 14:30:00+00:00,13,3,"[11.736, 12.742, 13.927]"
155,2023-10-12 07:30:00+00:00,32,3,"[13.090000000000002, 12.494, 11.108, 10.429000000000002, 10.838, 12.0, 12.571, 14.5, 16.990000000000002, 22.099000000000004, 15.127000000000002, 12.936000000000002, 12.35, 10.984000000000002, 12.399, 11.5, 10.714, 10.14, 10.008, 9.525, 12.943, 14.345, 14.525, 13.205000000000002, 9.9, 7.202, 3.4450000000000003, 0.73, 0.431, 0.424, 1.0, 4.648, 7.423000000000002, 7.63, 1.594, 0.505, 0.02, -0.081, -0.009, -0.187, -0.149, -0.172, -0.221, -0.208, -0.096, -0.002, 0.909, 2.06, 0.108, -0.005, -0.094, -0.109, -0.1389999999999999, -0.008, 0.06, 6.719, 11.79, 12.997, 9.691, 8.568000000000001, 7.459, 4.706, 1.467, 0.696, 0.579, 0.906, 0.572, 0.763, 0.588, 2.134, 2.458, 3.09, 0.507, 0.004, -0.009, -0.1, -0.176, -0.023, 0.104, 8.08]"
156,2023-10-21 07:45:00+00:00,91,3,"[4.483, 3.1100000000000003, 2.08, 1.0, 1.3210000000000002, 2.8030000000000004, 8.435, 11.477, 12.840000000000002, 11.472, 9.021, 5.339, 4.933, 4.015, 3.937, 3.036, 1.861, 1.5630000000000002, 1.835, 3.4320000000000004, 3.026, 5.82, 5.45, 6.283, 5.158, 4.859000000000001, 4.4990000000000006, 2.9190000000000005, 3.186, 5.129, 7.731999999999998, 12.583, 13.529, 13.902, 12.605, 11.247, 10.218000000000002, 9.666, 9.946, 10.006, 10.128, 10.011, 9.873, 10.541, 14.29, 17.75, 19.839]"
157,2023-10-23 15:30:00+00:00,54,3,"[16.519000000000002, 15.590000000000002, 12.733, 10.402, 10.795000000000002, 9.276, 10.133, 9.721, 9.454, 8.946, 9.027, 9.48, 10.165, 12.012]"
158,2023-10-27 13:30:00+00:00,74,3,"[12.641, 12.836000000000002, 13.982, 14.054, 12.089, 10.005, 9.684, 9.37, 8.459999999999999, 6.861000000000001, 6.4590000000000005, 5.5, 6.051, 6.901000000000001, 6.647, 7.990000000000002, 9.069, 8.950000000000001, 8.701, 6.979000000000001, 6.986000000000001, 6.790000000000001, 7.391, 8.700000000000001, 11.202, 13.980000000000002, 14.896, 11.883, 9.035, 8.351, 7.548000000000002, 4.748, 1.4050000000000002, 0.096, 0.001, 0.002, -0.024, -0.028, -0.039, -0.036, -0.007, 0.001, 0.0]"
159,2023-10-31 11:15:00+00:00,90,3,"[9.777, 10.497, 11.751, 13.511000000000005, 16.181, 17.204, 15.292, 12.588, 11.592, 10.492, 9.537, 6.537000000000001, 6.558, 6.079000000000001, 6.074000000000001, 5.894, 6.604000000000001, 7.897, 8.556000000000001, 8.777, 6.923000000000001, 5.9, 5.140000000000001, 4.764, 5.199000000000001, 6.407, 8.065000000000001, 7.897, 8.495000000000001, 7.95, 6.657, 5.315, 3.951, 3.4170000000000003, 1.8760000000000003, 2.14, 1.697, 1.5380000000000005, 1.3410000000000002, 1.449, 2.252, 6.957, 7.501000000000001, 7.832, 6.916, 6.008]"
160,2023-11-06 17:15:00+00:00,56,3,"[13.952000000000002, 11.112000000000002, 10.567, 9.908, 8.774, 7.89, 7.63, 7.08, 6.801000000000001, 7.025, 8.334999999999999, 10.128, 13.289, 13.605000000000002]"
161,2023-11-07 16:15:00+00:00,0,3,[]
162,2023-11-07 16:15:00+00:00,78,3,"[14.938, 13.242, 10.472, 9.298, 8.869, 7.417, 7.06, 7.422, 6.673000000000001, 6.198, 6.676000000000001, 7.501000000000001, 8.450000000000001, 10.762, 11.147, 9.357, 8.476, 7.885, 7.571]"
163,2023-11-12 09:15:00+00:00,14,3,"[8.667, 8.809000000000001, 8.902]"
164,2023-11-18 09:00:00+00:00,16,3,"[9.608, 9.52, 9.47, 9.498, 9.706, 9.761, 9.598, 10.507, 10.734000000000002, 9.124, 8.31, 7.798000000000002, 7.376000000000001, 5.811, 1.913, 0.567, 0.41, 0.013, 0.007, 0.009, 0.233, 0.559, 1.449, 1.882, 1.259, 1.266, 1.167, 0.1, 1.5550000000000002]"
165,2023-11-26 10:00:00+00:00,7,3,"[11.47, 11.337000000000002]"
166,2023-11-27 16:15:00+00:00,57,3,"[12.322, 11.712000000000002, 10.061, 9.446, 9.52, 8.506, 7.774, 7.049, 6.747, 6.45, 6.829000000000001, 8.006, 8.934000000000001, 11.642]"
167,2023-12-03 08:45:00+00:00,86,3,"[10.496, 10.507, 10.291, 10.0, 10.568, 11.5, 12.22, 12.79, 12.905, 12.607, 11.233, 10.0, 9.909, 8.9, 9.386, 8.981, 8.802, 8.538, 8.583, 9.204, 10.41, 11.806]"
168,2023-12-04 16:15:00+00:00,60,3,"[12.463, 12.097, 11.448, 10.555, 10.0, 9.176, 9.085, 8.801, 8.573, 8.362, 8.471, 9.102, 10.8, 11.432, 12.228000000000002]"
169,2023-12-05 17:00:00+00:00,1,3,[14.747]
170,2023-12-18 16:00:00+00:00,61,3,"[10.422, 10.301000000000002, 9.618000000000002, 7.798000000000002, 7.109000000000001, 6.298, 5.5120000000000005, 4.729, 4.649, 4.506, 5.572, 5.8950000000000005, 6.501000000000001, 7.969, 9.367, 10.01]"
171,2023-12-30 07:45:00+00:00,0,3,[]
172,2023-12-30 12:30:00+00:00,27,3,"[4.204, 5.625, 6.999, 8.014000000000001, 7.999, 7.109000000000001, 6.2010000000000005]"
173,2024-01-27 13:15:00+00:00,1,3,[]
174,2024-01-27 13:30:00+00:00,0,3,[]
175,2024-01-27 13:45:00+00:00,70,3,"[7.244, 8.362, 9.337, 9.595, 9.253, 8.442, 7.607, 7.597, 7.27, 6.677, 6.092, 5.965, 5.994, 6.14, 6.411, 6.053, 5.964, 5.963, 5.508, 5.116, 4.575, 4.158, 4.009, 5.065, 5.641, 6.887, 7.784, 7.193, 6.988, 6.825, 5.717, 5.943, 5.6, 4.997, 4.726, 4.812, 4.797, 5.158, 6.006, 8.0, 9.357, 9.917]"
176,2024-01-29 17:30:00+00:00,56,3,"[10.752, 9.198, 8.679, 8.342, 8.029, 7.194, 6.879, 6.937, 6.744, 6.718, 6.937, 7.843, 9.06, 9.593]"
177,2024-02-01 16:00:00+00:00,61,3,"[9.161, 9.467, 9.789, 8.997, 8.329, 8.188, 7.338, 6.427, 5.994, 5.8, 5.469, 5.323, 5.507, 6.694, 7.699, 8.932]"
178,2024-02-02 14:30:00+00:00,85,3,"[5.273, 5.85, 6.897, 6.334, 5.506, 4.968, 4.603, 3.605, 2.474, 1.285, 0.673, 1.051, 0.853, 0.88, 1.648, 3.417, 4.599, 4.597, 3.562, 3.042, 3.058]"
179,2024-02-05 16:15:00+00:00,56,3,"[6.878, 6.184, 6.048, 5.965, 5.63, 4.741, 3.504, 2.765, 0.708, 0.307, 0.194, 1.938, 5.0, 6.816]"
180,2024-02-07 06:30:00+00:00,4,3,"[8.7, 8.553, 8.117, 7.801, 7.598, 7.924, 7.799, 8.821, 9.73, 12.005, 13.622, 10.97, 9.991, 8.765, 8.363, 7.921, 7.37, 7.32, 7.215, 7.294, 7.365, 7.785, 8.708, 11.0, 13.315]"
181,2024-02-10 11:45:00+00:00,23,3,"[6.672, 6.953, 7.717, 8.613, 8.895, 8.762, 8.101, 7.44, 6.784, 6.586, 6.346, 5.548, 5.367, 5.26, 4.683, 4.364, 4.625, 4.919, 5.316, 5.506, 5.797, 6.116, 6.554, 6.46, 6.212, 6.399, 6.63, 7.069, 7.85, 8.074]"
182,2024-02-13 07:15:00+00:00,0,3,"[7.512, 6.921, 6.387, 6.053, 6.026, 6.31, 7.07, 7.836, 9.501, 9.988, 9.099, 7.797, 7.186, 6.839, 6.474, 6.063, 5.934, 5.576, 5.479, 5.506, 5.843, 6.323, 7.274, 7.973]"
183,2024-02-16 15:00:00+00:00,1,3,[6.999]
184,2024-02-21 15:45:00+00:00,11,3,"[6.963, 6.858, 6.139]"
185,2024-02-24 20:00:00+00:00,88,3,"[5.994, 5.622, 5.22, 5.657, 5.544, 5.538, 5.489, 5.519, 5.507, 5.671, 5.992, 6.158, 6.182, 5.631, 5.412, 5.0, 4.603, 4.984, 5.5, 6.78, 8.219, 9.369, 7.918, 6.999, 6.592, 6.523, 5.838, 5.783, 5.682, 5.57, 5.18, 5.33, 5.792, 7.002, 7.99, 8.16, 7.383, 6.665, 6.503, 5.842, 5.819, 6.129, 6.495, 6.999, 7.7, 8.532, 8.101, 7.221, 6.569, 6.521, 6.076, 5.762, 5.755, 5.735, 5.687, 5.735, 6.31, 7.431, 9.563, 9.578, 8.081, 6.871, 6.493, 5.926, 5.925, 6.471, 7.206, 7.982, 9.802, 11.18, 10.517]"
186,2024-02-27 21:15:00+00:00,41,3,"[6.497, 6.036, 5.94, 6.134, 6.346, 6.374, 6.744, 7.43, 9.889, 10.449]"
187,2024-02-29 07:30:00+00:00,34,3,"[7.039, 6.047, 5.501, 5.398, 5.602, 5.507, 6.496, 7.098, 8.128]"
188,2024-03-01 18:15:00+00:00,6,3,[7.749]
189,2024-03-02 13:15:00+00:00,11,3,"[6.608, 7.3, 8.063]"
190,2024-03-02 20:15:00+00:00,47,3,"[6.094, 5.499, 5.45, 5.363, 5.38, 5.559, 5.531, 5.582, 5.6, 5.688, 5.477, 5.399]"
191,2024-03-03 08:30:00+00:00,8,3,"[5.201, 4.946]"
192,2024-03-03 13:15:00+00:00,22,3,"[5.413, 6.028, 7.558, 8.436, 8.696]"
193,2023-10-11 08:15:00+00:00,33,5,"[0.105, 0.0, -0.006, -0.004, 0.006, 5.7780000000000005, 10.223, 12.779000000000002]"
194,2023-11-28 18:30:00+00:00,48,5,"[13.912, 12.545000000000002, 11.684, 10.941, 9.843, 9.517, 9.203, 8.588, 8.491, 9.57, 10.284, 13.259]"
195,2023-12-08 19:45:00+00:00,45,5,"[10.112000000000002, 10.172, 9.058, 9.5, 8.51, 7.949, 7.306999999999999, 7.056000000000001, 7.301000000000001, 7.604000000000001, 8.24, 8.493]"
196,2024-01-08 16:00:00+00:00,76,5,"[12.913, 13.001, 12.212, 11.421, 10.283, 9.998, 9.149, 8.816, 8.704, 8.5, 8.414, 8.572, 8.928, 10.851, 12.406, 13.324, 12.091, 11.319, 10.578, 10.022]"
197,2024-01-29 13:45:00+00:00,72,5,"[9.76, 10.843, 12.742, 11.73, 10.752, 9.198, 8.679, 8.342, 8.029, 7.194, 6.879, 6.937, 6.744, 6.718, 6.937, 7.843, 9.06, 9.593]"
198,2024-02-14 13:00:00+00:00,5,5,"[6.903, 7.223]"
199,2023-10-11 12:30:00+00:00,63,6,"[0.006, 5.7780000000000005, 10.223, 12.779000000000002, 13.214, 12.255, 10.195, 9.886, 8.992, 7.831, 8.295, 8.373000000000001, 8.782, 8.904000000000002, 10.26, 12.65]"
200,2023-10-13 13:45:00+00:00,76,6,"[1.0, 4.648, 7.423000000000002, 7.63, 1.594, 0.505, 0.02, -0.081, -0.009, -0.187, -0.149, -0.172, -0.221, -0.208, -0.096, -0.002, 0.909, 2.06, 0.108]"
201,2023-10-18 15:30:00+00:00,8,6,"[11.054000000000002, 10.69]"
202,2023-10-24 14:15:00+00:00,3,6,[14.0]
203,2023-11-21 13:45:00+00:00,63,6,"[14.034, 14.392, 14.697, 14.208000000000002, 13.235, 12.479, 11.052, 11.091, 9.804000000000002, 9.8, 9.501, 9.501, 9.2, 9.249, 9.487, 12.017]"
204,2023-11-22 14:00:00+00:00,6,6,"[11.984000000000002, 12.7]"
205,2023-11-28 11:00:00+00:00,5,6,"[13.56, 13.772]"
206,2023-11-29 20:45:00+00:00,62,6,"[12.85, 11.427, 10.479, 10.452, 10.22, 10.0, 10.163, 10.63, 12.941, 16.809, 21.927000000000003, 23.713, 22.25, 22.334000000000003, 19.521, 18.981]"
207,2023-12-07 13:45:00+00:00,62,6,"[13.802, 13.387, 12.859000000000002, 12.035, 10.414, 10.036, 9.7, 9.642, 8.708, 8.709000000000001, 8.326, 8.143, 7.952, 8.0, 8.704, 9.969]"
208,2023-12-13 16:15:00+00:00,77,6,"[10.589, 10.241, 9.658, 9.088, 9.235, 8.425, 7.734000000000002, 7.63, 7.715, 7.719, 7.914, 8.257, 9.848, 11.967, 13.065, 12.496, 12.615000000000002, 12.721, 11.956]"
209,2024-01-08 20:30:00+00:00,63,6,"[9.998, 9.149, 8.816, 8.704, 8.5, 8.414, 8.572, 8.928, 10.851, 12.406, 13.324, 12.091, 11.319, 10.578, 10.022, 10.082]"
210,2024-01-21 09:45:00+00:00,9,6,"[4.867, 3.848, 3.769]"
211,2024-01-22 16:45:00+00:00,61,6,"[7.735, 7.199, 6.665, 5.7, 5.589, 4.988, 1.623, 1.01, 0.937, 0.417, 1.022, 3.923, 5.976, 7.642, 6.982, 6.993]"
212,2024-01-25 16:15:00+00:00,52,6,"[11.554, 9.879, 9.107, 8.631, 8.043, 7.516, 6.28, 6.2, 5.849, 5.773, 5.707, 5.216, 5.937]"
213,2024-01-29 14:15:00+00:00,61,6,"[10.843, 12.742, 11.73, 10.752, 9.198, 8.679, 8.342, 8.029, 7.194, 6.879, 6.937, 6.744, 6.718, 6.937, 7.843]"
214,2024-02-01 13:30:00+00:00,65,6,"[7.507, 7.705, 9.161, 9.467, 9.789, 8.997, 8.329, 8.188, 7.338, 6.427, 5.994, 5.8, 5.469, 5.323, 5.507, 6.694]"
215,2024-02-08 17:30:00+00:00,64,6,"[8.606, 8.32, 8.061, 7.56, 6.598, 6.043, 5.861, 5.574, 5.161, 4.996, 5.232, 5.908, 6.679, 7.013, 6.837, 6.952]"
216,2024-02-15 14:00:00+00:00,13,6,"[7.505, 7.905, 8.7, 8.691]"
217,2024-02-20 20:15:00+00:00,57,6,"[5.686, 5.277, 5.065, 4.847, 4.684, 4.477, 4.539, 5.003, 6.6, 8.134, 8.511, 7.034, 6.41, 6.039]"
218,2023-10-10 15:30:00+00:00,4,7,[12.742]
219,2023-10-11 15:00:00+00:00,5,7,"[10.223, 12.779000000000002]"
220,2023-10-12 14:45:00+00:00,12,7,"[14.5, 16.990000000000002, 22.099000000000004]"
221,2023-10-25 14:30:00+00:00,9,7,"[15.373, 15.462000000000002]"
222,2023-11-16 11:30:00+00:00,18,7,"[13.164, 14.682, 15.85, 15.824000000000002, 18.239]"
223,2023-12-15 12:15:00+00:00,89,7,"[8.690000000000001, 8.986, 9.813, 10.433, 10.176000000000002, 9.318, 9.336, 8.836, 8.677, 7.6709999999999985, 6.720000000000001, 6.321000000000001, 6.037, 5.800000000000001, 5.41, 5.564, 5.934000000000001, 6.51, 7.989, 8.366, 8.164, 7.581]"
224,2024-02-06 13:45:00+00:00,15,7,"[4.991, 5.652, 6.297, 6.196]"
225,2024-02-12 16:30:00+00:00,77,7,"[9.6, 8.908, 7.915, 7.154, 6.587, 6.19, 6.859, 6.537, 6.341, 6.049, 6.006, 6.359, 7.069, 8.218, 8.91, 7.512, 6.921, 6.387, 6.053]"
226,2024-02-14 18:30:00+00:00,58,7,"[7.648, 6.968, 6.82, 6.38, 6.171, 6.113, 6.03, 5.975, 6.194, 6.606, 7.221, 8.157, 8.267, 7.876, 7.418]"
227,2024-02-20 13:00:00+00:00,10,7,"[5.179, 5.616, 6.308]"
228,2023-10-12 16:15:00+00:00,54,1,"[22.099000000000004, 15.127000000000002, 12.936000000000002, 12.35, 10.984000000000002, 12.399, 11.5, 10.714, 10.14, 10.008, 9.525, 12.943, 14.345]"
229,2023-10-25 17:15:00+00:00,50,1,"[13.708000000000002, 12.355, 12.006, 11.28, 8.948, 8.991, 8.749, 8.704, 8.992, 10.0, 11.708, 13.366]"
230,2023-12-14 13:15:00+00:00,4,1,[13.074000000000002]
231,2023-12-14 16:15:00+00:00,12,1,"[12.616, 11.427, 10.281]"
232,2023-12-23 10:30:00+00:00,25,1,"[4.736, 4.981000000000001, 5.23, 5.377000000000001, 5.805, 6.812000000000001]"
233,2024-01-06 13:45:00+00:00,12,1,"[9.509, 9.985, 10.427]"
234,2024-01-24 11:00:00+00:00,3,1,[3.932]
235,2024-01-24 12:00:00+00:00,10,1,"[3.644, 4.504, 4.995]"
236,2024-01-24 16:45:00+00:00,56,1,"[5.332, 5.009, 4.218, 4.004, 4.201, 3.853, 4.434, 4.506, 4.334, 4.492, 4.622, 5.238, 6.91, 7.765]"
237,2024-01-27 13:30:00+00:00,5,1,[7.244]
238,2024-01-31 16:45:00+00:00,58,1,"[8.678, 7.365, 6.603, 5.696, 5.408, 3.973, 4.706, 4.112, 4.216, 4.305, 4.691, 5.534, 6.901, 8.612, 9.25]"
239,2024-02-12 12:15:00+00:00,6,1,[6.395]
240,2023-11-07 13:45:00+00:00,68,2,"[10.807, 11.29, 13.684, 14.938, 13.242, 10.472, 9.298, 8.869, 7.417, 7.06, 7.422, 6.673000000000001, 6.198, 6.676000000000001, 7.501000000000001, 8.450000000000001, 10.762]"
241,2023-11-17 14:45:00+00:00,71,2,"[13.765, 14.632, 14.96, 14.1, 12.841, 12.033, 11.814, 11.188, 11.056, 9.738, 9.061, 8.596, 8.248000000000001, 8.248000000000001, 8.619, 9.208, 10.021, 9.736, 9.608, 9.52, 9.47, 9.498, 9.706, 9.761, 9.598, 10.507, 10.734000000000002, 9.124, 8.31, 7.798000000000002, 7.376000000000001, 5.811, 1.913, 0.567, 0.41, 0.013, 0.007, 0.009, 0.233, 0.559, 1.449, 1.882, 1.259, 1.266, 1.167, 0.1, 1.5550000000000002, 6.731000000000001, 8.098, 9.502, 10.455, 10.382, 8.865, 8.438, 8.805, 8.005, 6.83, 6.268000000000001, 5.991, 6.003, 6.476000000000001, 8.043000000000001, 10.275, 12.809, 12.667000000000002, 11.844]"
242,2023-11-22 17:45:00+00:00,58,2,"[11.876, 10.542000000000002, 8.967, 9.021, 7.479000000000001, 6.497, 4.605, 4.112, 3.013, 2.018, 3.256, 8.062000000000001, 11.396, 11.987000000000002, 9.0]"
243,2023-11-30 15:30:00+00:00,61,2,"[26.1, 24.934, 19.449, 15.393, 13.272, 12.472, 11.379, 10.691, 10.263, 9.91, 9.588, 9.607, 10.231000000000002, 12.003, 15.211000000000002]"
244,2024-01-09 17:30:00+00:00,63,2,"[13.043, 12.024, 11.168, 10.618, 9.709, 8.929, 8.676, 8.673, 8.609, 8.63, 8.905, 10.888, 12.629, 14.128, 13.039, 11.856]"
245,2024-01-30 17:45:00+00:00,74,2,"[9.191, 8.604, 7.8, 7.501, 7.151, 7.173, 7.019, 7.089, 6.982, 6.914, 7.382, 8.485, 10.817, 11.993, 9.361, 8.298, 7.709, 7.491, 6.766]"
246,2024-02-01 13:15:00+00:00,74,2,"[7.507, 7.705, 9.161, 9.467, 9.789, 8.997, 8.329, 8.188, 7.338, 6.427, 5.994, 5.8, 5.469, 5.323, 5.507, 6.694, 7.699, 8.932]"
247,2023-12-05 17:15:00+00:00,53,3,"[14.156, 12.863, 11.783, 11.155, 10.328, 9.497, 9.31, 9.257, 9.096, 9.059, 9.389, 10.694, 13.386000000000005]"
248,2023-12-30 07:45:00+00:00,13,3,"[2.7920000000000003, 2.391, 1.989, 2.002]"
249,2024-02-17 10:15:00+00:00,0,3,[]
250,2024-02-17 10:15:00+00:00,34,3,"[5.826, 5.525, 5.909, 6.883, 7.503, 8.793, 11.006, 9.028, 8.093, 7.457, 7.244, 6.911, 6.238, 5.481, 5.144, 5.032, 5.019, 4.847, 4.602, 4.897, 4.728, 4.303, 4.045, 4.1, 4.01, 3.988, 4.287, 5.429, 6.287, 7.2, 7.366, 7.059]"
251,2024-03-03 12:45:00+00:00,1,3,[4.684]
252,2024-03-03 13:00:00+00:00,1,3,[4.684]
253,2024-02-02 12:00:00+00:00,15,4,"[5.652, 5.483, 5.309, 5.273]"
254,2024-02-04 15:30:00+00:00,56,4,"[3.891, 4.601, 3.617, 2.905, 2.452, 2.444, 0.057, 0.0, -0.003, -0.007, -0.013, -0.005, 0.042, 3.897]"
255,2024-02-10 12:30:00+00:00,11,4,"[6.953, 7.717, 8.613]"
256,2024-02-13 08:00:00+00:00,83,4,"[7.512, 6.921, 6.387, 6.053, 6.026, 6.31, 7.07, 7.836, 9.501, 9.988, 9.099, 7.797, 7.186, 6.839, 6.474, 6.063, 5.934, 5.576, 5.479, 5.506, 5.843]"
257,2024-02-16 21:15:00+00:00,42,4,"[6.002, 5.731, 5.7, 5.588, 5.466, 5.462, 5.548, 5.517, 5.69, 6.489]"
258,2024-02-17 08:45:00+00:00,6,4,"[6.202, 6.069]"
259,2024-02-17 11:00:00+00:00,6,4,"[5.826, 5.525]"
260,2024-02-20 18:30:00+00:00,71,4,"[6.848, 6.133, 5.686, 5.277, 5.065, 4.847, 4.684, 4.477, 4.539, 5.003, 6.6, 8.134, 8.511, 7.034, 6.41, 6.039, 5.301, 5.122]"
261,2024-02-22 13:00:00+00:00,60,4,"[6.465, 6.475, 6.325, 6.176, 5.991, 5.242, 4.245, 2.448, 1.206, 0.191, 0.923, 0.107, 0.119, 0.009, 0.002, 0.009]"
262,2024-03-04 00:15:00+00:00,39,4,"[6.741, 6.622, 6.559, 7.083, 8.118, 9.667, 10.297, 8.502, 7.193, 6.489]"
263,2023-11-21 10:30:00+00:00,7,5,"[13.979, 13.978000000000002]"
264,2023-12-06 10:45:00+00:00,11,5,"[14.61, 14.103000000000002, 14.05]"
265,2023-12-12 16:30:00+00:00,67,5,"[10.5, 9.422, 9.215, 8.814, 8.337000000000002, 7.75, 7.536, 7.2959999999999985, 7.370000000000001, 7.143000000000001, 7.302, 7.545, 8.31, 10.241, 9.883000000000001, 10.373, 10.03]"
266,2023-12-19 18:30:00+00:00,46,5,"[8.502, 7.948, 7.568000000000001, 5.9830000000000005, 5.785, 5.048, 4.800000000000001, 3.998, 3.151, 4.002000000000001, 4.672, 6.796]"
267,2023-12-20 18:15:00+00:00,10,5,"[7.798999999999999, 6.678000000000001]"
268,2023-12-22 22:00:00+00:00,45,5,"[1.2000000000000002, 0.004, -0.001, -0.001, -0.002, -0.001, 0.0, 0.01, 0.743, 2.0, 4.208, 4.164000000000001]"
269,2024-01-04 18:00:00+00:00,55,5,"[12.5, 10.359, 10.001, 9.486, 8.883, 8.608, 8.051, 7.701, 7.321, 7.405, 7.603, 8.1, 8.7, 8.957]"
270,2024-01-19 10:45:00+00:00,12,5,"[7.683, 7.335, 7.521]"
271,2024-01-20 08:30:00+00:00,23,5,"[7.18, 7.077, 6.773, 6.878, 7.339, 7.911]"
272,2024-02-07 07:00:00+00:00,11,5,"[8.7, 8.553, 8.117]"
273,2024-02-24 11:30:00+00:00,1,5,[]
274,2024-02-28 19:45:00+00:00,39,5,"[6.259, 6.402, 5.512, 5.511, 5.333, 5.006, 4.703, 4.715, 5.332, 6.203]"
275,2024-03-01 16:30:00+00:00,55,5,"[9.373, 8.719, 7.749, 7.162, 7.006, 6.639, 5.995, 5.603, 5.602, 5.548, 5.488, 5.599, 5.658, 6.067]"
276,2023-10-06 13:15:00+00:00,58,6,"[0.005, 0.004, 0.01, 0.067, 0.6070000000000001, 2.138, 5.244, 6.7170000000000005, 7.082, 6.871, 4.682, 1.962, 1.038, 0.022, 0.1, 2.201, 6.159000000000001, 8.644, 10.228000000000002, 10.891, 10.0, 8.399, 7.619, 7.2, 7.07, 7.064, 7.062000000000001, 7.061, 7.181000000000001, 7.709, 8.351, 10.0, 10.212000000000002, 10.086, 8.694, 7.651, 7.057, 5.515000000000001, 5.460000000000001, 7.08, 8.859, 11.324, 13.567, 16.258000000000003, 13.185, 11.02, 10.442, 9.634, 9.111, 8.745000000000001, 8.244, 7.740000000000002, 7.5, 7.905]"
277,2023-10-14 10:00:00+00:00,24,6,"[-0.094, -0.109, -0.1389999999999999, -0.008, 0.06, 6.719, 11.79, 12.997, 9.691, 8.568000000000001, 7.459, 4.706, 1.467, 0.696, 0.579, 0.906, 0.572, 0.763, 0.588, 2.134, 2.458, 3.09, 0.507, 0.004, -0.009, -0.1, -0.176, -0.023, 0.104, 8.08, 13.990000000000002]"
278,2023-10-16 16:00:00+00:00,61,6,"[21.106, 24.0, 15.994, 14.501, 13.52, 11.922, 12.758, 11.404000000000002, 10.838, 10.55, 11.057, 12.196, 15.025, 16.5, 19.108, 15.94]"
279,2023-10-17 15:45:00+00:00,6,6,"[16.592, 16.445]"
280,2023-10-19 14:45:00+00:00,66,6,"[13.77, 13.887, 13.807, 11.679000000000002, 9.475, 9.7, 8.36, 7.759, 6.369, 5.120000000000001, 3.5270000000000006, 2.305, 4.175, 7.669, 10.812, 11.944, 12.476]"
281,2023-10-22 13:15:00+00:00,10,6,"[7.731999999999998, 12.583]"
282,2023-10-23 12:00:00+00:00,10,6,"[10.7, 12.872, 13.867]"
283,2023-10-24 16:00:00+00:00,48,6,"[14.987000000000002, 15.407, 13.345, 11.931, 11.41, 10.278, 9.907, 9.456, 8.943000000000001, 8.606, 9.054, 9.699, 12.55]"
284,2023-10-25 12:45:00+00:00,10,6,"[13.813, 14.751, 15.373]"
285,2023-10-26 15:00:00+00:00,47,6,"[14.291, 15.095, 15.099000000000002, 13.072, 11.906, 11.706, 10.485, 10.456, 9.733, 9.511, 9.5, 9.915000000000001]"
286,2023-10-27 12:15:00+00:00,16,6,"[10.768, 12.641, 12.836000000000002, 13.982]"
287,2023-10-28 12:15:00+00:00,4,6,"[8.700000000000001, 11.202, 13.980000000000002, 14.896, 11.883, 9.035, 8.351, 7.548000000000002, 4.748, 1.4050000000000002, 0.096, 0.001, 0.002, -0.024, -0.028, -0.039, -0.036, -0.007, 0.001, 0.0, -0.021, -0.008, -0.003, 0.061, 1.003]"
288,2023-11-02 15:45:00+00:00,8,6,"[8.726, 9.795]"
289,2023-11-03 13:45:00+00:00,82,6,"[6.902, 8.195, 8.8, 8.925, 8.823, 6.907, 5.313000000000001, 4.553, 2.063, 4.572, 3.2060000000000004, 3.0, 2.201, 1.9190000000000005, 1.54, 1.613, 2.508, 2.5850000000000004, 2.0, 1.395, 1.52]"
290,2023-11-05 15:15:00+00:00,57,6,"[7.495000000000001, 7.267, 5.917000000000001, 4.648, 2.0850000000000004, 1.584, 0.571, 0.2759999999999999, 0.011, 0.003, 0.014, 0.43, 1.693, 7.257]"
291,2023-11-06 13:45:00+00:00,3,6,[10.008]
292,2023-11-06 16:30:00+00:00,52,6,"[15.094, 13.952000000000002, 11.112000000000002, 10.567, 9.908, 8.774, 7.89, 7.63, 7.08, 6.801000000000001, 7.025, 8.334999999999999, 10.128]"
293,2023-11-08 13:30:00+00:00,62,6,"[10.542000000000002, 11.681, 11.904000000000002, 12.709, 12.095, 10.951, 9.285, 8.299, 6.7700000000000005, 7.193000000000001, 6.833, 7.0040000000000004, 7.28, 7.444, 8.363, 10.961]"
294,2023-11-09 13:45:00+00:00,63,6,"[11.661, 12.701, 13.18, 12.858000000000002, 11.212000000000002, 9.601, 8.278, 8.404000000000002, 7.436, 6.41, 5.973, 5.3740000000000006, 4.836, 5.0, 6.678000000000001, 8.418000000000001]"
295,2023-11-10 14:45:00+00:00,72,6,"[12.5, 13.61, 13.51, 12.358, 11.293, 10.51, 10.397, 9.32, 8.73, 8.589, 8.588, 8.321, 8.270999999999999, 8.544, 8.63, 8.8, 9.2, 9.489]"
296,2023-11-11 15:00:00+00:00,78,6,"[11.572, 12.798000000000002, 13.576, 12.447, 11.351, 10.258, 9.238, 8.741, 8.954, 8.536, 8.525, 8.334999999999999, 8.413, 8.688, 8.624, 8.661, 8.762, 8.975, 8.861, 8.667]"
297,2023-11-14 11:45:00+00:00,3,6,[7.509]
298,2023-11-15 11:15:00+00:00,4,6,[10.109000000000002]
299,2023-11-19 15:45:00+00:00,52,6,"[9.502, 10.455, 10.382, 8.865, 8.438, 8.805, 8.005, 6.83, 6.268000000000001, 5.991, 6.003, 6.476000000000001, 8.043000000000001]"
300,2023-11-22 17:15:00+00:00,48,6,"[11.876, 10.542000000000002, 8.967, 9.021, 7.479000000000001, 6.497, 4.605, 4.112, 3.013, 2.018, 3.256, 8.062000000000001]"
301,2023-11-23 13:45:00+00:00,62,6,"[7.352, 7.359000000000002, 7.76, 7.370999999999999, 7.063, 5.09, 2.818, 1.896, 0.98, 0.148, 0.01, 0.012, 0.034, 0.155, 3.161, 7.053000000000001]"
302,2023-11-24 16:45:00+00:00,70,6,"[9.025, 8.623000000000001, 8.15, 7.474, 7.756, 7.284, 7.806999999999999, 7.403, 7.207, 7.1610000000000005, 6.999, 7.419, 7.981, 8.708, 9.429, 9.174, 8.917, 8.706000000000001]"
303,2023-11-26 18:30:00+00:00,68,6,"[13.591, 12.241, 11.899, 10.244, 9.926000000000002, 9.409, 8.99, 8.882, 8.791, 9.409, 12.201, 13.892, 14.499000000000002, 13.941, 13.8, 13.694, 13.397]"
304,2023-11-30 19:15:00+00:00,64,6,"[13.272, 12.472, 11.379, 10.691, 10.263, 9.91, 9.588, 9.607, 10.231000000000002, 12.003, 15.211000000000002, 20.346000000000004, 22.263, 21.537000000000003, 21.352000000000004, 19.709000000000003]"
305,2023-12-01 16:30:00+00:00,73,6,"[19.916, 16.856, 14.237000000000002, 12.513, 11.840000000000002, 10.813, 10.522, 10.269, 10.125, 9.889, 9.796, 9.783, 9.893, 10.488, 12.034, 12.799, 13.075, 12.722]"
306,2023-12-02 14:00:00+00:00,61,6,"[12.35, 12.979, 14.404, 14.496000000000002, 12.956, 12.252, 11.483, 10.988, 10.601, 10.83, 10.268, 9.988, 9.862000000000002, 9.462, 9.172, 8.886000000000001, 9.213, 9.702, 10.015, 10.496, 10.507, 10.291, 10.0, 10.568, 11.5, 12.22, 12.79, 12.905, 12.607, 11.233, 10.0, 9.909, 8.9, 9.386, 8.981, 8.802, 8.538, 8.583, 9.204, 10.41]"
307,2023-12-04 13:30:00+00:00,65,6,"[12.484000000000002, 12.227, 12.775, 12.463, 12.097, 11.448, 10.555, 10.0, 9.176, 9.085, 8.801, 8.573, 8.362, 8.471, 9.102, 10.8]"
308,2023-12-05 14:00:00+00:00,60,6,"[12.259, 12.924, 14.590000000000002, 14.747, 14.156, 12.863, 11.783, 11.155, 10.328, 9.497, 9.31, 9.257, 9.096, 9.059, 9.389, 10.694]"
309,2023-12-06 17:00:00+00:00,49,6,"[16.528000000000002, 14.993000000000002, 12.991, 11.568, 10.733, 10.044, 9.92, 9.785, 9.686, 9.181000000000001, 8.992, 9.453, 11.658]"
310,2023-12-08 13:30:00+00:00,3,6,[11.833]
311,2023-12-11 15:00:00+00:00,60,6,"[10.551000000000002, 11.799, 12.264, 12.135, 11.403, 9.924, 9.648, 8.682, 8.805, 8.706000000000001, 8.562000000000001, 8.442, 8.701, 8.903, 10.741, 12.109000000000002]"
312,2023-12-12 16:15:00+00:00,56,6,"[10.5, 9.422, 9.215, 8.814, 8.337000000000002, 7.75, 7.536, 7.2959999999999985, 7.370000000000001, 7.143000000000001, 7.302, 7.545, 8.31, 10.241]"
313,2023-12-17 14:15:00+00:00,87,6,"[6.299, 7.661, 7.368000000000001, 7.067, 5.979, 5.8950000000000005, 5.973, 4.781000000000001, 5.29, 5.116, 4.981000000000001, 4.9030000000000005, 5.247, 6.214, 8.381, 10.338, 10.924, 10.146, 8.903, 8.117, 7.489, 7.490000000000002, 8.11, 8.911, 9.52, 10.422, 10.301000000000002, 9.618000000000002, 7.798000000000002, 7.109000000000001, 6.298, 5.5120000000000005, 4.729, 4.649, 4.506, 5.572, 5.8950000000000005, 6.501000000000001, 7.969, 9.367, 10.01, 9.428, 8.61, 7.971, 7.65, 7.473, 8.066, 8.442, 8.821, 9.181000000000001, 9.174, 9.08, 8.502, 7.948, 7.568000000000001, 5.9830000000000005, 5.785, 5.048, 4.800000000000001, 3.998, 3.151, 4.002000000000001, 4.672, 6.796, 7.293000000000001, 7.054000000000001, 6.793000000000001, 6.236000000000001, 6.2, 6.059000000000001]"
314,2023-12-20 13:45:00+00:00,64,6,"[6.998000000000001, 7.349, 8.024, 8.183, 8.184000000000001, 7.798999999999999, 6.678000000000001, 6.142, 4.888000000000001, 3.016, 2.508, 2.09, 0.348, 0.007, 0.033, 2.385]"
315,2023-12-21 18:00:00+00:00,45,6,"[4.849, 4.097, 3.315, 2.877, 0.605, 0.001, -0.01, -0.007, -0.018, -0.025, -0.008, 0.081]"
316,2023-12-22 13:30:00+00:00,11,6,"[3.4170000000000003, 4.241, 4.295000000000001]"
317,2023-12-26 12:00:00+00:00,3,6,[0.0]
318,2023-12-26 16:15:00+00:00,11,6,"[5.366, 5.305, 4.932]"
319,2023-12-29 12:30:00+00:00,14,6,"[0.223, 0.999, 1.002, 2.5120000000000005, 2.6590000000000003, 1.7170000000000003, 1.01, 0.504, 2.29, 1.889, 0.589, 0.277, 0.8880000000000001, 0.5599999999999999, 0.574, 0.751, 0.577, 2.086, 2.753, 2.7920000000000003, 2.391, 1.989, 2.002, 2.384, 4.204, 5.625, 6.999, 8.014000000000001]"
320,2024-01-01 14:45:00+00:00,58,6,"[4.306, 4.993, 5.8, 5.425, 4.801, 4.295, 4.709, 3.555, 3.059, 2.007, 3.103, 1.839, 1.108, 1.378, 4.763]"
321,2024-01-03 14:15:00+00:00,60,6,"[7.359, 8.228, 8.297, 7.903, 7.323, 6.741, 6.5, 5.812, 5.73, 5.046, 4.0, 2.548, 3.5, 5.773, 7.265]"
322,2024-01-04 14:00:00+00:00,62,6,"[9.862, 10.573, 13.323, 14.465, 12.5, 10.359, 10.001, 9.486, 8.883, 8.608, 8.051, 7.701, 7.321, 7.405, 7.603, 8.1]"
323,2024-01-05 14:15:00+00:00,82,6,"[10.297, 10.738, 10.845, 10.396, 10.009, 9.419, 9.492, 8.68, 8.225, 8.02, 7.613, 7.301, 7.301, 7.459, 7.51, 8.139, 8.84, 9.223, 9.73, 10.043]"
324,2024-01-09 20:45:00+00:00,53,6,"[10.618, 9.709, 8.929, 8.676, 8.673, 8.609, 8.63, 8.905, 10.888, 12.629, 14.128, 13.039, 11.856, 10.913]"
325,2024-01-10 18:15:00+00:00,68,6,"[12.0, 10.976, 10.449, 9.603, 9.175, 8.859, 8.725, 8.238, 8.195, 8.936, 10.207, 11.686, 14.1, 12.916, 11.365, 10.648, 9.938]"
326,2024-01-11 18:00:00+00:00,68,6,"[13.231, 11.788, 10.719, 10.0, 9.722, 9.104, 8.822, 8.522, 8.463, 8.434, 8.532, 9.211, 11.816, 14.074, 13.496, 12.201, 11.473, 10.698]"
327,2024-01-24 16:45:00+00:00,61,6,"[5.332, 5.009, 4.218, 4.004, 4.201, 3.853, 4.434, 4.506, 4.334, 4.492, 4.622, 5.238, 6.91, 7.765, 9.187, 8.797]"
328,2024-01-27 11:30:00+00:00,8,6,"[5.388, 5.972]"
329,2024-01-30 13:30:00+00:00,61,6,"[7.949, 8.236, 8.817, 9.923, 9.191, 8.604, 7.8, 7.501, 7.151, 7.173, 7.019, 7.089, 6.982, 6.914, 7.382]"
330,2024-02-02 13:00:00+00:00,9,6,"[5.483, 5.309, 5.273]"
331,2024-02-05 20:30:00+00:00,55,6,"[5.63, 4.741, 3.504, 2.765, 0.708, 0.307, 0.194, 1.938, 5.0, 6.816, 6.2, 6.135, 5.656, 5.17]"
332,2024-02-06 11:15:00+00:00,5,6,[4.254]
333,2024-02-06 20:45:00+00:00,61,6,"[5.652, 5.236, 4.117, 3.552, 3.415, 4.659, 5.447, 5.963, 7.483, 8.667, 8.7, 8.553, 8.117, 7.801, 7.598, 7.924]"
334,2024-02-07 18:00:00+00:00,53,6,"[10.97, 9.991, 8.765, 8.363, 7.921, 7.37, 7.32, 7.215, 7.294, 7.365, 7.785, 8.708, 11.0, 13.315]"
335,2024-02-10 11:00:00+00:00,20,6,"[6.83, 6.672, 6.953, 7.717, 8.613, 8.895, 8.762, 8.101, 7.44, 6.784, 6.586, 6.346, 5.548, 5.367, 5.26, 4.683, 4.364, 4.625, 4.919, 5.316, 5.506, 5.797, 6.116, 6.554, 6.46, 6.212, 6.399, 6.63, 7.069, 7.85]"
336,2024-02-12 14:00:00+00:00,0,6,[6.64]
337,2024-02-12 14:00:00+00:00,60,6,"[6.64, 7.842, 9.39, 9.6, 8.908, 7.915, 7.154, 6.587, 6.19, 6.859, 6.537, 6.341, 6.049, 6.006, 6.359, 7.069]"
338,2024-02-21 20:45:00+00:00,43,6,"[4.171, 3.522, 3.047, 2.701, 2.707, 2.795, 3.7, 4.805, 6.609, 7.653, 8.191]"
339,2024-02-22 17:00:00+00:00,68,6,"[5.991, 5.242, 4.245, 2.448, 1.206, 0.191, 0.923, 0.107, 0.119, 0.009, 0.002, 0.009, 3.968, 5.706, 5.935, 5.169, 4.664, 4.165]"
340,2024-02-26 13:45:00+00:00,60,6,"[6.495, 6.999, 7.7, 8.532, 8.101, 7.221, 6.569, 6.521, 6.076, 5.762, 5.755, 5.735, 5.687, 5.735, 6.31]"
341,2024-02-28 13:15:00+00:00,64,6,"[7.043, 7.496, 9.304, 9.324, 7.829, 6.544, 6.259, 6.402, 5.512, 5.511, 5.333, 5.006, 4.703, 4.715, 5.332, 6.203]"
342,2023-10-06 11:00:00+00:00,39,7,[]
343,2023-10-07 16:30:00+00:00,14,7,"[10.891, 10.0, 8.399, 7.619]"
344,2023-10-08 12:15:00+00:00,9,7,"[7.08, 8.859]"
345,2023-10-10 09:45:00+00:00,20,7,"[9.665000000000001, 8.929, 9.142, 9.162, 9.92]"
346,2023-10-13 10:00:00+00:00,15,7,"[3.4450000000000003, 0.73, 0.431, 0.424]"
347,2023-10-26 17:00:00+00:00,7,7,"[15.099000000000002, 13.072]"
348,2023-10-26 18:45:00+00:00,10,7,"[11.906, 11.706, 10.485]"
349,2023-10-27 16:30:00+00:00,16,7,"[14.054, 12.089, 10.005, 9.684]"
350,2023-10-31 11:30:00+00:00,13,7,"[9.777, 10.497, 11.751]"
351,2023-11-02 10:30:00+00:00,30,7,"[6.04, 5.936, 6.95, 7.608, 7.943000000000001, 8.726, 9.795, 9.384]"
352,2023-11-04 10:30:00+00:00,10,7,"[2.0, 2.1140000000000003, 3.079]"
353,2023-11-05 09:45:00+00:00,15,7,"[4.846, 4.428, 2.97, 3.815]"
354,2023-11-07 09:45:00+00:00,9,7,"[8.903, 8.621, 8.879000000000001]"
355,2023-11-09 10:00:00+00:00,16,7,"[9.5, 9.016, 9.232, 10.061, 11.661]"
356,2023-11-12 13:15:00+00:00,7,7,"[10.952, 12.381]"
357,2023-11-14 10:15:00+00:00,6,7,[7.506]
358,2023-11-19 09:00:00+00:00,11,7,"[1.259, 1.266, 1.167]"
359,2023-11-23 11:15:00+00:00,3,7,[6.993000000000001]
360,2023-11-23 13:30:00+00:00,8,7,"[7.352, 7.359000000000002]"
361,2023-11-24 11:15:00+00:00,12,7,"[7.1450000000000005, 7.538, 7.737000000000001]"
362,2023-11-28 15:45:00+00:00,14,7,"[18.998, 17.7, 16.02, 13.912]"
363,2023-12-01 10:15:00+00:00,29,7,"[19.709000000000003, 17.519000000000002, 17.432, 18.44, 20.005000000000003, 23.069000000000003, 19.916]"
364,2023-12-02 13:30:00+00:00,79,7,"[12.35, 12.979, 14.404, 14.496000000000002, 12.956, 12.252, 11.483, 10.988, 10.601, 10.83, 10.268, 9.988, 9.862000000000002, 9.462, 9.172, 8.886000000000001, 9.213, 9.702, 10.015, 10.496]"
365,2023-12-05 09:30:00+00:00,10,7,"[12.127, 11.834, 11.853000000000002]"
366,2023-12-05 18:30:00+00:00,46,7,"[12.863, 11.783, 11.155, 10.328, 9.497, 9.31, 9.257, 9.096, 9.059, 9.389, 10.694, 13.386000000000005]"
367,2023-12-13 15:45:00+00:00,71,7,"[11.015, 10.589, 10.241, 9.658, 9.088, 9.235, 8.425, 7.734000000000002, 7.63, 7.715, 7.719, 7.914, 8.257, 9.848, 11.967, 13.065, 12.496, 12.615000000000002]"
368,2023-12-19 18:15:00+00:00,9,7,"[8.502, 7.948]"
369,2023-12-20 16:15:00+00:00,17,7,"[8.183, 8.184000000000001, 7.798999999999999, 6.678000000000001]"
370,2023-12-21 15:45:00+00:00,57,7,"[3.508, 3.9340000000000006, 4.849, 4.097, 3.315, 2.877, 0.605, 0.001, -0.01, -0.007, -0.018, -0.025, -0.008, 0.081, 3.168]"
371,2023-12-22 16:45:00+00:00,79,7,"[5.0360000000000005, 4.049, 2.466, 2.5530000000000004, 3.0410000000000004, 1.2000000000000002, 0.004, -0.001, -0.001, -0.002, -0.001, 0.0, 0.01, 0.743, 2.0, 4.208, 4.164000000000001, 4.59, 4.736, 4.981000000000001]"
372,2023-12-28 15:15:00+00:00,88,7,"[4.683, 4.59, 3.855, 1.998, 1.375, 1.772, 0.1, 0.0, -0.008, -0.028, -0.093, -0.095, -0.026, -0.007, -0.001, 0.444, 0.109, 0.005, -0.001, 0.06, 0.099, 0.223]"
373,2023-12-30 12:30:00+00:00,7,7,"[4.204, 5.625]"
374,2024-01-04 12:15:00+00:00,8,7,"[9.211, 9.862]"
375,2024-01-09 14:15:00+00:00,6,7,[12.785]
376,2024-01-10 15:45:00+00:00,60,7,"[14.379, 14.0, 13.215, 12.0, 10.976, 10.449, 9.603, 9.175, 8.859, 8.725, 8.238, 8.195, 8.936, 10.207, 11.686]"
377,2024-01-11 10:15:00+00:00,8,7,"[9.938, 9.9]"
378,2024-01-11 14:30:00+00:00,63,7,"[13.735, 15.009, 13.669, 13.231, 11.788, 10.719, 10.0, 9.722, 9.104, 8.822, 8.522, 8.463, 8.434, 8.532, 9.211, 11.816]"
379,2024-01-12 11:30:00+00:00,91,7,"[10.308, 10.454, 11.0, 12.0, 12.75, 12.6, 11.947, 10.879, 9.848, 9.337, 8.538, 9.0, 8.5, 8.2, 7.847, 7.5, 7.492, 7.81, 8.222, 8.526, 7.511, 7.421, 7.272]"
380,2024-01-17 12:15:00+00:00,14,7,"[12.174, 12.546, 12.856]"
381,2024-01-23 15:00:00+00:00,60,7,"[7.895, 8.159, 8.451, 7.455, 6.195, 5.374, 4.536, 3.326, 0.305, -0.003, -0.064, -0.441, -0.484, -0.018, 1.476, 4.209]"
382,2024-01-25 10:45:00+00:00,10,7,"[7.495, 7.786, 8.707]"
383,2024-01-26 12:00:00+00:00,11,7,"[4.647, 4.928, 5.011, 5.274, 6.07, 5.875, 6.496, 5.878, 6.202, 5.958, 5.708, 5.55, 5.503, 5.621, 5.505, 5.574, 5.683, 5.907, 6.591, 7.529, 7.256, 6.006, 5.661, 5.584, 5.388, 5.972, 7.244]"
384,2024-01-29 14:00:00+00:00,12,7,"[9.76, 10.843, 12.742, 11.73, 10.752, 9.198, 8.679, 8.342, 8.029, 7.194, 6.879, 6.937, 6.744, 6.718, 6.937, 7.843, 9.06, 9.593, 8.493, 7.715, 7.01, 6.81, 6.823, 7.193, 7.949, 8.236, 8.817, 9.923]"
385,2024-02-08 16:00:00+00:00,12,7,"[10.3, 9.467, 8.606, 8.32]"
386,2024-02-09 12:30:00+00:00,8,7,"[7.322, 8.156]"
387,2024-02-16 11:45:00+00:00,26,7,"[5.231, 5.378, 6.259, 6.999, 7.258, 7.742, 7.678]"
388,2024-02-21 14:45:00+00:00,17,7,"[6.992, 6.963, 6.858, 6.139, 5.211]"
389,2024-02-22 12:15:00+00:00,38,7,"[6.465, 6.475, 6.325, 6.176, 5.991, 5.242, 4.245, 2.448, 1.206]"
390,2024-02-23 15:45:00+00:00,82,7,"[7.38, 8.644, 8.401, 7.297, 6.926, 6.798, 6.51, 6.647, 6.39, 5.95, 5.52, 5.539, 5.71, 6.167, 6.611, 6.44, 5.76, 4.916, 4.584, 4.032, 3.222]"
391,2024-02-28 15:30:00+00:00,67,7,"[9.304, 9.324, 7.829, 6.544, 6.259, 6.402, 5.512, 5.511, 5.333, 5.006, 4.703, 4.715, 5.332, 6.203, 7.374, 7.389, 7.039]"
392,2024-03-01 10:30:00+00:00,24,7,"[6.308, 6.463, 6.711, 7.257, 7.894, 8.94]"
393,2024-03-03 16:15:00+00:00,77,7,"[8.436, 8.696, 8.18, 7.5, 7.218, 7.242, 6.913, 6.79, 6.741, 6.622, 6.559, 7.083, 8.118, 9.667, 10.297, 8.502, 7.193, 6.489, 6.393]"
394,2024-01-29 17:00:00+00:00,7,2,"[11.73, 10.752]"
395,2023-11-27 16:15:00+00:00,21,7,"[12.322, 11.712000000000002, 10.061, 9.446, 9.52]"
396,2024-02-01 12:15:00+00:00,4,2,[6.874]
397,2024-02-13 18:15:00+00:00,50,1,"[7.797, 7.186, 6.839, 6.474, 6.063, 5.934, 5.576, 5.479, 5.506, 5.843, 6.323, 7.274]"
398,2024-02-20 16:45:00+00:00,56,1,"[7.125, 7.347, 6.848, 6.133, 5.686, 5.277, 5.065, 4.847, 4.684, 4.477, 4.539, 5.003, 6.6, 8.134]"
399,2024-03-03 09:45:00+00:00,16,1,"[4.946, 4.751, 4.251, 4.684]"
400,2023-11-15 17:30:00+00:00,71,2,"[12.108, 11.01, 9.75, 9.166, 8.421, 8.546, 8.325000000000001, 7.512, 7.406, 8.11, 8.703000000000001, 10.006, 12.69, 12.999000000000002, 12.859000000000002, 12.01, 11.662, 12.263]"
401,2023-12-07 16:15:00+00:00,61,2,"[12.035, 10.414, 10.036, 9.7, 9.642, 8.708, 8.709000000000001, 8.326, 8.143, 7.952, 8.0, 8.704, 9.969, 10.729, 11.265]"
402,2023-12-08 15:45:00+00:00,66,2,"[11.799, 11.86, 10.556, 10.462000000000002, 10.112000000000002, 10.172, 9.058, 9.5, 8.51, 7.949, 7.306999999999999, 7.056000000000001, 7.301000000000001, 7.604000000000001, 8.24, 8.493, 9.151, 9.101, 9.194, 9.42, 9.067, 8.563, 8.35, 8.008000000000001, 7.904, 7.743000000000001, 6.945, 6.446, 6.041, 5.684000000000001, 4.618, 3.369, 2.151, 1.3210000000000002, 0.599, 1.0, 1.809, 2.397, 4.1850000000000005, 6.086, 6.578, 6.735, 6.968000000000001, 6.720000000000001, 6.71, 6.9670000000000005, 7.584, 8.03, 8.03, 8.542, 8.076, 7.805, 7.714, 7.802, 6.916, 3.444, 1.55, 1.2720000000000002, 0.862, 1.1820000000000002, 3.804, 7.459, 9.136, 9.798, 9.833]"
403,2024-01-17 16:45:00+00:00,84,1,"[12.359, 11.428, 10.98, 10.109, 9.428, 8.417, 8.133, 7.72, 7.529, 7.491, 7.757, 8.1, 9.144, 11.155, 12.589, 12.217, 11.09, 10.795, 9.355, 8.762, 8.643]"
404,2023-11-08 14:15:00+00:00,66,2,"[11.681, 11.904000000000002, 12.709, 12.095, 10.951, 9.285, 8.299, 6.7700000000000005, 7.193000000000001, 6.833, 7.0040000000000004, 7.28, 7.444, 8.363, 10.961, 12.006]"
405,2023-11-14 16:15:00+00:00,58,2,"[11.981000000000002, 11.696, 10.043, 8.974, 8.911, 8.55, 8.11, 7.642, 7.290000000000002, 7.069, 7.445, 8.228, 10.308, 12.319]"
406,2024-01-30 09:45:00+00:00,7,2,"[7.01, 6.81]"
407,2024-02-19 14:30:00+00:00,70,2,"[7.151, 7.625, 9.765, 7.998, 7.186, 6.747, 6.627, 5.907, 5.806, 5.432, 5.396, 5.348, 5.299, 5.479, 7.053, 8.84, 9.089, 7.855]"
408,2023-10-11 18:15:00+00:00,62,2,"[10.195, 9.886, 8.992, 7.831, 8.295, 8.373000000000001, 8.782, 8.904000000000002, 10.26, 12.65, 13.284, 14.839, 13.768, 13.090000000000002, 12.494]"
409,2023-10-12 17:15:00+00:00,62,2,"[15.127000000000002, 12.936000000000002, 12.35, 10.984000000000002, 12.399, 11.5, 10.714, 10.14, 10.008, 9.525, 12.943, 14.345, 14.525, 13.205000000000002, 9.9]"
410,2023-12-20 17:15:00+00:00,54,2,"[8.184000000000001, 7.798999999999999, 6.678000000000001, 6.142, 4.888000000000001, 3.016, 2.508, 2.09, 0.348, 0.007, 0.033, 2.385, 4.512]"
411,2024-01-26 13:30:00+00:00,69,2,"[5.011, 5.274, 6.07, 5.875, 6.496, 5.878, 6.202, 5.958, 5.708, 5.55, 5.503, 5.621, 5.505, 5.574, 5.683, 5.907, 6.591, 7.529, 7.256, 6.006, 5.661, 5.584, 5.388, 5.972, 7.244, 8.362, 9.337, 9.595, 9.253, 8.442, 7.607, 7.597, 7.27, 6.677, 6.092, 5.965, 5.994, 6.14, 6.411, 6.053, 5.964, 5.963, 5.508, 5.116, 4.575, 4.158, 4.009, 5.065, 5.641, 6.887, 7.784, 7.193, 6.988, 6.825, 5.717, 5.943, 5.6, 4.997, 4.726, 4.812, 4.797, 5.158, 6.006, 8.0, 9.357]"
412,2023-10-06 07:45:00+00:00,10,1,[]
413,2023-11-01 18:45:00+00:00,47,1,"[5.315, 3.951, 3.4170000000000003, 1.8760000000000003, 2.14, 1.697, 1.5380000000000005, 1.3410000000000002, 1.449, 2.252, 6.957, 7.501000000000001]"
414,2024-02-21 16:30:00+00:00,57,1,"[6.858, 6.139, 5.211, 4.598, 4.171, 3.522, 3.047, 2.701, 2.707, 2.795, 3.7, 4.805, 6.609, 7.653]"
415,2023-12-14 17:00:00+00:00,55,2,"[12.616, 11.427, 10.281, 9.62, 9.446, 8.557, 8.613, 8.293000000000001, 8.01, 7.655, 7.516, 8.041, 9.597, 10.695]"
416,2023-12-21 16:15:00+00:00,58,2,"[3.9340000000000006, 4.849, 4.097, 3.315, 2.877, 0.605, 0.001, -0.01, -0.007, -0.018, -0.025, -0.008, 0.081, 3.168]"
417,2024-01-15 13:15:00+00:00,87,2,"[8.944, 9.752, 10.646, 11.28, 11.038, 10.242, 9.178, 8.949, 8.643, 8.145, 8.107, 7.992, 7.819, 7.697, 8.145, 9.407, 11.477, 14.411, 13.86, 12.2, 11.0, 10.343]"
418,2023-11-06 07:00:00+00:00,18,1,"[9.593, 7.493000000000001, 6.014, 5.629, 5.805]"
419,2023-11-13 07:00:00+00:00,18,1,"[15.179, 13.305, 12.178, 12.301000000000002, 12.134]"
420,2023-11-23 17:30:00+00:00,53,2,"[7.063, 5.09, 2.818, 1.896, 0.98, 0.148, 0.01, 0.012, 0.034, 0.155, 3.161, 7.053000000000001, 9.428]"
421,2024-01-10 17:30:00+00:00,53,2,"[13.215, 12.0, 10.976, 10.449, 9.603, 9.175, 8.859, 8.725, 8.238, 8.195, 8.936, 10.207, 11.686]"
422,2024-01-24 17:45:00+00:00,52,2,"[5.009, 4.218, 4.004, 4.201, 3.853, 4.434, 4.506, 4.334, 4.492, 4.622, 5.238, 6.91, 7.765]"
423,2024-02-22 17:45:00+00:00,56,2,"[5.242, 4.245, 2.448, 1.206, 0.191, 0.923, 0.107, 0.119, 0.009, 0.002, 0.009, 3.968, 5.706, 5.935]"
424,2024-03-04 16:15:00+00:00,68,2,"[10.518, 9.913, 8.052, 7.139, 6.749, 6.393, 6.196, 6.167, 6.133, 5.986, 6.056, 6.167, 7.153, 7.928, 8.302, 7.7, 7.115]"
425,2023-10-07 08:45:00+00:00,14,1,"[1.962, 1.038, 0.022, 0.1]"
426,2023-10-18 15:30:00+00:00,80,2,"[11.054000000000002, 10.69, 9.681000000000001, 8.629000000000001, 7.623000000000002, 4.748, 2.5890000000000004, 1.545, 1.01, 0.815, 1.7010000000000003, 4.288, 8.807, 10.778, 12.411, 12.7, 12.275, 12.464, 12.485, 12.011]"
427,2023-11-16 17:45:00+00:00,52,2,"[12.523, 12.118000000000002, 11.5, 11.02, 10.085, 10.6, 10.0, 9.565, 9.276, 9.57, 10.32, 11.935, 13.103000000000002]"
428,2023-11-28 15:45:00+00:00,60,2,"[18.998, 17.7, 16.02, 13.912, 12.545000000000002, 11.684, 10.941, 9.843, 9.517, 9.203, 8.588, 8.491, 9.57, 10.284, 13.259]"
429,2024-01-23 12:30:00+00:00,85,2,"[6.27, 7.463, 7.895, 8.159, 8.451, 7.455, 6.195, 5.374, 4.536, 3.326, 0.305, -0.003, -0.064, -0.441, -0.484, -0.018, 1.476, 4.209, 5.158, 5.076, 5.01]"
430,2023-12-01 10:30:00+00:00,6,1,"[19.709000000000003, 17.519000000000002]"
431,2023-10-24 12:45:00+00:00,68,2,"[13.217, 12.916, 14.0, 14.987000000000002, 15.407, 13.345, 11.931, 11.41, 10.278, 9.907, 9.456, 8.943000000000001, 8.606, 9.054, 9.699, 12.55, 15.016]"
432,2023-11-02 17:15:00+00:00,54,2,"[9.384, 8.776000000000002, 7.595, 7.227, 5.704000000000001, 1.517, 1.147, 1.0, 0.573, 0.973, 2.3600000000000003, 6.158, 8.98]"
433,2023-11-27 17:15:00+00:00,54,2,"[11.712000000000002, 10.061, 9.446, 9.52, 8.506, 7.774, 7.049, 6.747, 6.45, 6.829000000000001, 8.006, 8.934000000000001, 11.642]"
434,2023-12-12 15:30:00+00:00,71,2,"[11.088, 10.5, 9.422, 9.215, 8.814, 8.337000000000002, 7.75, 7.536, 7.2959999999999985, 7.370000000000001, 7.143000000000001, 7.302, 7.545, 8.31, 10.241, 9.883000000000001, 10.373, 10.03]"
435,2024-01-12 14:00:00+00:00,71,2,"[11.0, 12.0, 12.75, 12.6, 11.947, 10.879, 9.848, 9.337, 8.538, 9.0, 8.5, 8.2, 7.847, 7.5, 7.492, 7.81, 8.222, 8.526, 7.511, 7.421, 7.272, 7.035, 6.367, 6.791, 6.861, 7.078, 7.422, 7.581, 7.382, 7.306, 7.093, 6.43, 6.316, 6.402, 6.211, 6.293, 6.401, 6.467, 6.52, 6.731, 7.166, 7.674, 8.114, 8.063, 8.184, 8.039, 7.704, 7.915, 8.232, 8.662, 9.186, 9.697, 8.891, 8.1, 7.86, 7.539, 6.719, 6.79, 6.5, 6.394, 6.204, 6.204, 6.925, 7.995, 8.384, 9.93]"
436,2024-01-17 16:00:00+00:00,59,2,"[14.052, 12.359, 11.428, 10.98, 10.109, 9.428, 8.417, 8.133, 7.72, 7.529, 7.491, 7.757, 8.1, 9.144, 11.155]"
437,2024-02-23 13:00:00+00:00,17,2,"[3.908, 4.951, 6.308, 7.38, 8.644, 8.401, 7.297, 6.926, 6.798, 6.51, 6.647, 6.39, 5.95, 5.52, 5.539, 5.71, 6.167, 6.611, 6.44, 5.76, 4.916, 4.584, 4.032, 3.222, 3.76, 4.5, 5.595, 7.167, 8.0, 7.413, 6.517, 5.994, 5.622, 5.22, 5.657, 5.544, 5.538, 5.489, 5.519, 5.507, 5.671, 5.992, 6.158, 6.182, 5.631, 5.412, 5.0, 4.603, 4.984, 5.5, 6.78, 8.219, 9.369, 7.918, 6.999, 6.592, 6.523, 5.838, 5.783, 5.682, 5.57, 5.18, 5.33, 5.792, 7.002, 7.99, 8.16, 7.383, 6.665, 6.503, 5.842, 5.819, 6.129, 6.495, 6.999, 7.7, 8.532]"
438,2023-11-21 16:15:00+00:00,58,2,"[14.208000000000002, 13.235, 12.479, 11.052, 11.091, 9.804000000000002, 9.8, 9.501, 9.501, 9.2, 9.249, 9.487, 12.017, 14.073]"
439,2024-01-21 11:00:00+00:00,85,2,"[3.848, 3.769, 4.43, 4.904, 4.983, 5.665, 6.145, 5.864, 5.15, 5.246, 5.039, 3.946, 3.666, 2.224, 1.862, 0.504, 0.506, 2.0, 4.05, 6.047, 6.648, 5.758]"
440,2024-02-14 16:15:00+00:00,70,2,"[8.758, 8.447, 7.648, 6.968, 6.82, 6.38, 6.171, 6.113, 6.03, 5.975, 6.194, 6.606, 7.221, 8.157, 8.267, 7.876, 7.418]"
441,2024-03-02 08:00:00+00:00,1,3,[6.575]
442,2024-03-02 08:15:00+00:00,8,3,"[6.044, 5.918]"
443,2023-11-20 07:15:00+00:00,7,1,"[11.844, 11.218000000000002]"
444,2023-11-09 17:45:00+00:00,54,2,"[11.212000000000002, 9.601, 8.278, 8.404000000000002, 7.436, 6.41, 5.973, 5.3740000000000006, 4.836, 5.0, 6.678000000000001, 8.418000000000001, 10.666, 11.3]"
445,2023-11-11 14:30:00+00:00,82,2,"[11.572, 12.798000000000002, 13.576, 12.447, 11.351, 10.258, 9.238, 8.741, 8.954, 8.536, 8.525, 8.334999999999999, 8.413, 8.688, 8.624, 8.661, 8.762, 8.975, 8.861, 8.667, 8.809000000000001, 8.902, 9.375, 10.952, 12.381, 13.827000000000002, 13.164, 12.541, 11.68, 10.733, 10.014, 8.802, 9.126, 8.682, 8.700000000000001, 8.725, 8.927, 9.326, 12.45, 14.209, 15.179, 13.305, 12.178, 12.301000000000002, 12.134]"
446,2023-11-24 10:45:00+00:00,88,2,"[7.633, 7.1450000000000005, 7.538, 7.737000000000001, 8.524, 9.097, 9.025, 8.623000000000001, 8.15, 7.474, 7.756, 7.284, 7.806999999999999, 7.403, 7.207, 7.1610000000000005, 6.999, 7.419, 7.981, 8.708, 9.429, 9.174, 8.917, 8.706000000000001, 8.482, 8.307, 9.009, 9.566, 11.491, 12.41, 12.71, 12.72, 12.113, 11.483, 11.53, 10.3, 11.11, 10.577, 10.267, 10.011, 9.72, 9.78, 9.983, 10.505, 11.269, 11.73, 11.529000000000002, 11.47, 11.337000000000002, 11.002, 11.51, 12.326, 13.415, 14.381, 14.967, 14.378, 13.591, 12.241, 11.899, 10.244, 9.926000000000002, 9.409, 8.99, 8.882, 8.791, 9.409, 12.201, 13.892, 14.499000000000002, 13.941]"
447,2024-02-20 14:45:00+00:00,82,2,"[6.308, 7.054, 7.125, 7.347, 6.848, 6.133, 5.686, 5.277, 5.065, 4.847, 4.684, 4.477, 4.539, 5.003, 6.6, 8.134, 8.511, 7.034, 6.41, 6.039, 5.301]"
448,2023-11-08 13:00:00+00:00,71,1,"[8.315000000000001, 10.542000000000002, 11.681, 11.904000000000002, 12.709, 12.095, 10.951, 9.285, 8.299, 6.7700000000000005, 7.193000000000001, 6.833, 7.0040000000000004, 7.28, 7.444, 8.363, 10.961, 12.006]"
449,2023-10-16 16:15:00+00:00,51,2,"[24.0, 15.994, 14.501, 13.52, 11.922, 12.758, 11.404000000000002, 10.838, 10.55, 11.057, 12.196, 15.025, 16.5]"
450,2023-10-23 13:15:00+00:00,66,2,"[13.867, 15.497, 16.519000000000002, 15.590000000000002, 12.733, 10.402, 10.795000000000002, 9.276, 10.133, 9.721, 9.454, 8.946, 9.027, 9.48, 10.165, 12.012]"
451,2023-11-01 17:45:00+00:00,61,2,"[6.657, 5.315, 3.951, 3.4170000000000003, 1.8760000000000003, 2.14, 1.697, 1.5380000000000005, 1.3410000000000002, 1.449, 2.252, 6.957, 7.501000000000001, 7.832, 6.916, 6.008]"
452,2023-11-20 17:45:00+00:00,64,2,"[13.007, 12.004, 10.701, 10.805, 9.766, 10.275, 9.82, 9.612000000000002, 9.117, 9.604, 10.111, 12.015, 13.608000000000002, 14.259, 13.719, 13.5]"
453,2024-01-16 17:45:00+00:00,57,2,"[11.177, 9.549, 8.621, 8.204, 7.769, 7.161, 7.152, 7.069, 6.974, 6.947, 7.106, 7.509, 8.439, 9.65, 10.616]"
454,2024-02-21 18:15:00+00:00,62,2,"[5.211, 4.598, 4.171, 3.522, 3.047, 2.701, 2.707, 2.795, 3.7, 4.805, 6.609, 7.653, 8.191, 7.409, 7.195]"
455,2023-12-04 09:15:00+00:00,9,1,"[13.07, 12.645]"
456,2023-10-17 11:45:00+00:00,72,2,"[9.84, 10.795000000000002, 12.842, 15.312, 16.592, 16.445, 12.997, 13.29, 12.603000000000002, 10.442, 8.958, 8.906, 8.836, 8.948, 9.199, 9.756, 13.4, 16.691]"
457,2023-10-28 10:30:00+00:00,18,2,"[6.790000000000001, 7.391, 8.700000000000001, 11.202, 13.980000000000002]"
458,2023-11-07 07:00:00+00:00,10,2,"[13.605000000000002, 11.493000000000002, 9.945]"
459,2023-11-13 17:45:00+00:00,70,2,"[8.127, 7.494, 6.136, 5.107, 1.01, 1.007, 0.105, -0.001, -0.008, -0.004, 0.104, 4.66, 7.691, 8.217, 7.786, 7.262, 7.282, 7.506]"
460,2023-12-13 18:00:00+00:00,55,2,"[10.241, 9.658, 9.088, 9.235, 8.425, 7.734000000000002, 7.63, 7.715, 7.719, 7.914, 8.257, 9.848, 11.967, 13.065]"
461,2024-02-15 17:45:00+00:00,64,2,"[7.561, 7.047, 6.297, 6.309, 5.891, 5.176, 5.108, 4.992, 4.881, 5.138, 5.353, 5.915, 6.939, 7.05, 6.484, 5.437]"
462,2023-10-09 19:15:00+00:00,42,2,"[12.0, 11.27, 10.4, 10.06, 9.990000000000002, 9.952, 9.739, 11.071, 13.0, 20.192]"
463,2023-10-10 12:45:00+00:00,84,2,"[9.162, 9.92, 11.736, 12.742, 13.927, 10.478000000000002, 8.674, 8.865, 6.890000000000001, 6.325, 2.606, 0.785, 0.231, 0.326, 1.0, 8.013, 12.716, 12.788, 10.294, 5.001, 0.105]"
464,2023-12-06 15:00:00+00:00,63,2,"[16.400000000000002, 17.807, 16.528000000000002, 14.993000000000002, 12.991, 11.568, 10.733, 10.044, 9.92, 9.785, 9.686, 9.181000000000001, 8.992, 9.453, 11.658, 13.122]"
465,2023-10-25 13:45:00+00:00,74,2,"[14.751, 15.373, 15.462000000000002, 15.771, 13.708000000000002, 12.355, 12.006, 11.28, 8.948, 8.991, 8.749, 8.704, 8.992, 10.0, 11.708, 13.366, 14.385, 14.9, 14.637]"
466,2023-11-06 17:00:00+00:00,55,2,"[15.094, 13.952000000000002, 11.112000000000002, 10.567, 9.908, 8.774, 7.89, 7.63, 7.08, 6.801000000000001, 7.025, 8.334999999999999, 10.128, 13.289]"
467,2024-01-25 13:45:00+00:00,72,2,"[9.391, 10.246, 12.338, 11.554, 9.879, 9.107, 8.631, 8.043, 7.516, 6.28, 6.2, 5.849, 5.773, 5.707, 5.216, 5.937, 7.112, 7.659]"
468,2024-02-05 08:15:00+00:00,3,2,[5.293]
469,2023-10-26 17:45:00+00:00,48,2,"[13.072, 11.906, 11.706, 10.485, 10.456, 9.733, 9.511, 9.5, 9.915000000000001, 10.458, 12.261, 14.328]"
470,2023-12-01 13:15:00+00:00,72,2,"[18.44, 20.005000000000003, 23.069000000000003, 19.916, 16.856, 14.237000000000002, 12.513, 11.840000000000002, 10.813, 10.522, 10.269, 10.125, 9.889, 9.796, 9.783, 9.893, 10.488, 12.034, 12.799, 13.075, 12.722, 12.158, 11.458, 11.852, 12.35, 12.979, 14.404, 14.496000000000002, 12.956, 12.252, 11.483, 10.988, 10.601, 10.83, 10.268, 9.988, 9.862000000000002, 9.462, 9.172, 8.886000000000001, 9.213, 9.702, 10.015, 10.496, 10.507, 10.291, 10.0, 10.568, 11.5, 12.22, 12.79, 12.905, 12.607, 11.233, 10.0, 9.909, 8.9, 9.386, 8.981, 8.802, 8.538, 8.583, 9.204, 10.41, 11.806, 12.316]"
471,2023-12-18 17:45:00+00:00,63,2,"[9.618000000000002, 7.798000000000002, 7.109000000000001, 6.298, 5.5120000000000005, 4.729, 4.649, 4.506, 5.572, 5.8950000000000005, 6.501000000000001, 7.969, 9.367, 10.01, 9.428, 8.61]"
472,2024-02-16 14:15:00+00:00,72,2,"[6.999, 7.258, 7.742, 7.678, 7.247, 6.94, 6.805, 6.002, 5.731, 5.7, 5.588, 5.466, 5.462, 5.548, 5.517, 5.69, 6.489, 6.329, 6.202, 6.069, 5.826, 5.525, 5.909, 6.883, 7.503, 8.793, 11.006, 9.028, 8.093, 7.457, 7.244, 6.911, 6.238, 5.481, 5.144, 5.032, 5.019, 4.847, 4.602, 4.897, 4.728, 4.303, 4.045, 4.1, 4.01, 3.988, 4.287, 5.429, 6.287, 7.2, 7.366, 7.059, 6.471, 5.983, 5.733, 5.394, 4.4, 4.304, 4.421, 4.391, 4.492, 5.157, 6.86, 7.909, 8.384, 7.503]"
473,2024-01-31 17:00:00+00:00,91,7,"[8.678, 7.365, 6.603, 5.696, 5.408, 3.973, 4.706, 4.112, 4.216, 4.305, 4.691, 5.534, 6.901, 8.612, 9.25, 8.629, 8.367, 7.722, 6.76, 5.726, 6.874, 7.507, 7.705]"
474,2024-02-01 07:15:00+00:00,5,1,[8.629]
475,2023-11-03 13:00:00+00:00,84,2,"[6.472, 6.902, 8.195, 8.8, 8.925, 8.823, 6.907, 5.313000000000001, 4.553, 2.063, 4.572, 3.2060000000000004, 3.0, 2.201, 1.9190000000000005, 1.54, 1.613, 2.508, 2.5850000000000004, 2.0, 1.395, 1.52, 2.0, 2.1140000000000003, 3.079, 4.269, 4.0, 4.876, 4.0, 2.9610000000000003, 1.282, 1.04, 1.173, 0.705, 0.8710000000000001, 0.659, 0.518, 0.298, 0.424, 0.799, 0.729, 1.129, 1.558, 2.402, 4.747, 4.846, 4.428, 2.97, 3.815, 5.718, 6.309000000000001, 7.495000000000001, 7.267, 5.917000000000001, 4.648, 2.0850000000000004, 1.584, 0.571, 0.2759999999999999, 0.011, 0.003, 0.014, 0.43, 1.693, 7.257, 9.556000000000001, 9.593, 7.493000000000001, 6.014, 5.629]"
476,2023-10-13 13:45:00+00:00,64,2,"[1.0, 4.648, 7.423000000000002, 7.63, 1.594, 0.505, 0.02, -0.081, -0.009, -0.187, -0.149, -0.172, -0.221, -0.208, -0.096, -0.002, 0.909, 2.06, 0.108, -0.005, -0.094, -0.109, -0.1389999999999999, -0.008, 0.06, 6.719, 11.79, 12.997, 9.691, 8.568000000000001, 7.459, 4.706, 1.467, 0.696, 0.579, 0.906, 0.572, 0.763, 0.588, 2.134, 2.458, 3.09, 0.507, 0.004, -0.009, -0.1, -0.176, -0.023, 0.104, 8.08, 13.990000000000002, 13.498, 13.226, 11.503, 11.696, 9.528, 10.362000000000002, 9.703, 9.837, 9.663, 9.443, 9.827, 13.956, 15.937]"
477,2023-10-19 19:15:00+00:00,42,2,"[9.7, 8.36, 7.759, 6.369, 5.120000000000001, 3.5270000000000006, 2.305, 4.175, 7.669, 10.812]"
478,2023-12-11 15:45:00+00:00,68,2,"[11.799, 12.264, 12.135, 11.403, 9.924, 9.648, 8.682, 8.805, 8.706000000000001, 8.562000000000001, 8.442, 8.701, 8.903, 10.741, 12.109000000000002, 14.633000000000004, 13.194]"
479,2023-12-19 15:00:00+00:00,63,2,"[8.821, 9.181000000000001, 9.174, 9.08, 8.502, 7.948, 7.568000000000001, 5.9830000000000005, 5.785, 5.048, 4.800000000000001, 3.998, 3.151, 4.002000000000001, 4.672, 6.796]"
480,2024-01-08 16:30:00+00:00,71,2,"[13.001, 12.212, 11.421, 10.283, 9.998, 9.149, 8.816, 8.704, 8.5, 8.414, 8.572, 8.928, 10.851, 12.406, 13.324, 12.091, 11.319, 10.578]"
481,2023-11-09 17:15:00+00:00,19,5,"[11.212000000000002, 9.601, 8.278, 8.404000000000002, 7.436]"
482,2023-12-14 12:00:00+00:00,4,1,"[12.375, 12.413]"
483,2024-01-31 19:15:00+00:00,46,2,"[5.696, 5.408, 3.973, 4.706, 4.112, 4.216, 4.305, 4.691, 5.534, 6.901, 8.612]"
484,2023-10-06 13:00:00+00:00,87,2,"[0.005, 0.004, 0.01, 0.067, 0.6070000000000001, 2.138, 5.244, 6.7170000000000005, 7.082, 6.871, 4.682, 1.962, 1.038, 0.022, 0.1, 2.201, 6.159000000000001, 8.644, 10.228000000000002, 10.891, 10.0, 8.399, 7.619, 7.2, 7.07, 7.064, 7.062000000000001, 7.061, 7.181000000000001, 7.709, 8.351, 10.0, 10.212000000000002, 10.086, 8.694, 7.651, 7.057, 5.515000000000001, 5.460000000000001, 7.08, 8.859, 11.324, 13.567, 16.258000000000003, 13.185, 11.02, 10.442, 9.634, 9.111, 8.745000000000001, 8.244, 7.740000000000002, 7.5, 7.905, 9.67, 11.18, 12.672, 12.143, 11.159, 10.536, 9.899000000000001]"
485,2023-12-24 09:45:00+00:00,20,2,"[-0.357, -0.295, -0.377, -0.219, -0.2259999999999999]"
486,2024-02-02 16:00:00+00:00,13,2,"[5.85, 6.897, 6.334, 5.506]"
487,2024-02-04 15:15:00+00:00,62,1,"[3.891, 4.601, 3.617, 2.905, 2.452, 2.444, 0.057, 0.0, -0.003, -0.007, -0.013, -0.005, 0.042, 3.897, 5.891]"
488,2023-12-12 16:15:00+00:00,56,7,"[10.5, 9.422, 9.215, 8.814, 8.337000000000002, 7.75, 7.536, 7.2959999999999985, 7.370000000000001, 7.143000000000001, 7.302, 7.545, 8.31, 10.241]"
489,2023-12-12 10:15:00+00:00,7,1,"[12.457, 12.718000000000002]"
490,2024-01-22 17:15:00+00:00,54,1,"[7.199, 6.665, 5.7, 5.589, 4.988, 1.623, 1.01, 0.937, 0.417, 1.022, 3.923, 5.976, 7.642]"
491,2024-01-27 07:15:00+00:00,4,1,[7.256]
492,2024-02-06 16:30:00+00:00,57,1,"[6.196, 6.116, 5.914, 5.644, 5.652, 5.236, 4.117, 3.552, 3.415, 4.659, 5.447, 5.963, 7.483, 8.667]"
493,2023-12-17 08:15:00+00:00,22,1,"[5.4430000000000005, 4.9, 4.371, 4.004, 4.585]"
494,2024-02-14 16:45:00+00:00,56,1,"[8.758, 8.447, 7.648, 6.968, 6.82, 6.38, 6.171, 6.113, 6.03, 5.975, 6.194, 6.606, 7.221, 8.157]"
495,2024-02-22 17:15:00+00:00,54,1,"[5.242, 4.245, 2.448, 1.206, 0.191, 0.923, 0.107, 0.119, 0.009, 0.002, 0.009, 3.968, 5.706]"
496,2023-10-23 14:15:00+00:00,21,7,"[15.497, 16.519000000000002, 15.590000000000002, 12.733, 10.402]"
497,2023-11-29 17:45:00+00:00,53,7,"[20.0, 16.1, 13.901, 12.85, 11.427, 10.479, 10.452, 10.22, 10.0, 10.163, 10.63, 12.941, 16.809, 21.927000000000003]"
498,2023-12-07 11:00:00+00:00,17,7,"[13.799, 13.835, 13.808000000000002, 13.802, 13.387]"
499,2023-10-12 15:30:00+00:00,1,1,[]
500,2024-01-06 08:30:00+00:00,19,1,"[9.73, 10.043, 9.916, 9.522, 9.255]"
501,2024-01-29 09:00:00+00:00,6,1,"[7.89, 7.127]"
502,2023-11-16 10:45:00+00:00,7,6,"[12.263, 13.164]"
503,2024-01-23 16:45:00+00:00,56,6,"[8.451, 7.455, 6.195, 5.374, 4.536, 3.326, 0.305, -0.003, -0.064, -0.441, -0.484, -0.018, 1.476, 4.209]"
504,2023-10-10 12:00:00+00:00,12,1,"[9.142, 9.162, 9.92, 11.736]"
505,2023-11-14 15:45:00+00:00,59,1,"[11.761, 11.981000000000002, 11.696, 10.043, 8.974, 8.911, 8.55, 8.11, 7.642, 7.290000000000002, 7.069, 7.445, 8.228, 10.308, 12.319]"
506,2024-01-20 08:00:00+00:00,12,1,"[7.79, 7.18, 7.077, 6.773]"
507,2024-02-01 18:00:00+00:00,52,1,"[9.789, 8.997, 8.329, 8.188, 7.338, 6.427, 5.994, 5.8, 5.469, 5.323, 5.507, 6.694, 7.699, 8.932]"
508,2023-10-06 00:00:00+00:00,23,1,[]
509,2023-12-14 19:30:00+00:00,46,1,"[9.62, 9.446, 8.557, 8.613, 8.293000000000001, 8.01, 7.655, 7.516, 8.041, 9.597, 10.695, 12.15]"
510,2024-01-17 12:15:00+00:00,6,1,[12.174]
511,2023-10-06 00:00:00+00:00,27,2,[]
512,2023-11-01 06:45:00+00:00,11,2,"[8.777, 6.923000000000001, 5.9]"
513,2024-01-07 14:30:00+00:00,73,2,"[9.342, 10.177, 10.485, 10.355, 10.05, 9.331, 9.117, 8.386, 8.702, 8.432, 8.182, 7.911, 7.848, 8.21, 9.43, 11.11, 12.111, 11.783]"
514,2024-02-12 12:15:00+00:00,27,2,"[6.395, 6.64, 7.842, 9.39, 9.6, 8.908, 7.915, 7.154, 6.587, 6.19, 6.859, 6.537, 6.341, 6.049, 6.006, 6.359, 7.069, 8.218, 8.91, 7.512, 6.921, 6.387, 6.053, 6.026, 6.31, 7.07, 7.836, 9.501, 9.988, 9.099, 7.797]"
515,2024-02-13 19:15:00+00:00,49,2,"[7.186, 6.839, 6.474, 6.063, 5.934, 5.576, 5.479, 5.506, 5.843, 6.323, 7.274, 7.973]"
516,2024-03-03 09:45:00+00:00,90,2,"[4.946, 4.751, 4.251, 4.684, 5.413, 6.028, 7.558, 8.436, 8.696, 8.18, 7.5, 7.218, 7.242, 6.913, 6.79, 6.741, 6.622, 6.559, 7.083, 8.118, 9.667, 10.297, 8.502]"
517,2023-11-06 07:15:00+00:00,40,3,"[7.493000000000001, 6.014, 5.629, 5.805, 6.698, 8.029000000000002, 10.008, 11.217, 13.767, 15.094]"
518,2023-11-08 14:15:00+00:00,65,3,"[11.681, 11.904000000000002, 12.709, 12.095, 10.951, 9.285, 8.299, 6.7700000000000005, 7.193000000000001, 6.833, 7.0040000000000004, 7.28, 7.444, 8.363, 10.961, 12.006]"
519,2023-11-13 07:15:00+00:00,38,3,"[13.305, 12.178, 12.301000000000002, 12.134, 11.337000000000002, 9.644, 8.731, 8.118, 8.227]"
520,2024-01-09 15:45:00+00:00,59,3,"[13.784, 13.78, 13.043, 12.024, 11.168, 10.618, 9.709, 8.929, 8.676, 8.673, 8.609, 8.63, 8.905, 10.888, 12.629, 14.128, 13.039, 11.856, 10.913, 10.221, 10.561, 11.291, 12.38, 13.464, 14.379, 14.0, 13.215, 12.0, 10.976, 10.449, 9.603, 9.175, 8.859, 8.725, 8.238, 8.195, 8.936, 10.207, 11.686, 14.1, 12.916, 11.365, 10.648, 9.938, 9.9, 10.598, 11.796, 13.735, 15.009, 13.669, 13.231, 11.788, 10.719, 10.0, 9.722, 9.104, 8.822, 8.522, 8.463, 8.434, 8.532, 9.211, 11.816]"
521,2024-01-21 15:30:00+00:00,10,3,"[5.665, 6.145, 5.864]"
522,2024-02-02 11:45:00+00:00,1,4,[5.652]
523,2024-02-01 18:00:00+00:00,2,5,[9.789]
524,2023-10-18 15:00:00+00:00,61,3,"[13.108000000000002, 11.054000000000002, 10.69, 9.681000000000001, 8.629000000000001, 7.623000000000002, 4.748, 2.5890000000000004, 1.545, 1.01, 0.815, 1.7010000000000003, 4.288, 8.807, 10.778, 12.411]"
525,2023-12-12 21:15:00+00:00,40,3,"[7.75, 7.536, 7.2959999999999985, 7.370000000000001, 7.143000000000001, 7.302, 7.545, 8.31, 10.241, 9.883000000000001]"
526,2024-02-23 18:00:00+00:00,55,3,"[8.401, 7.297, 6.926, 6.798, 6.51, 6.647, 6.39, 5.95, 5.52, 5.539, 5.71, 6.167, 6.611, 6.44]"
527,2024-02-24 09:15:00+00:00,31,3,"[4.584, 4.032, 3.222, 3.76, 4.5, 5.595, 7.167, 8.0]"
528,2023-11-30 07:00:00+00:00,19,2,"[21.927000000000003, 23.713, 22.25, 22.334000000000003, 19.521]"
529,2024-02-16 15:15:00+00:00,70,3,"[7.258, 7.742, 7.678, 7.247, 6.94, 6.805, 6.002, 5.731, 5.7, 5.588, 5.466, 5.462, 5.548, 5.517, 5.69, 6.489, 6.329]"
