device_id;start_time;end_time;min_charge_mW;max_charge_mW;max_discharge_mW;kWh_charged;charging_efficiency;discharging_efficiency
1;2024-03-04 18:44:34.000000 UTC;2024-03-05 06:24:33.000000 UTC;4140000;12130200;12130200;23.208.420.888.888.800;0.92;0.88
2;2024-03-04 16:11:24.000000 UTC;2024-03-05 09:09:36.000000 UTC;4140000;12194600;12194600;67.878.047.222.222.200;0.92;0.88
4;2024-03-04 00:15:48.000000 UTC;2024-03-04 10:04:10.000000 UTC;4140000;11040000;11040000;50.189.670.136.111.100;0.92;0.88
7;2024-03-03 16:20:37.000000 UTC;2024-03-04 11:33:01.000000 UTC;4140000;11040000;11040000;13.425.515.277.777.700;0.92;0.88
3;2024-03-03 13:09:30.000000 UTC;2024-03-03 18:50:24.000000 UTC;4140000;9743030;9743030;11.671.322.783.333.300;0.92;0.88
3;2024-03-03 13:01:50.000000 UTC;2024-03-03 13:09:24.000000 UTC;4140000;11040000;11040000;0.64623534444444442;0.92;0.88
3;2024-03-03 12:48:26.000000 UTC;2024-03-03 13:01:44.000000 UTC;4140000;11040000;11040000;0.8837451;0.92;0.88
2;2024-03-03 09:40:48.000000 UTC;2024-03-04 08:10:23.000000 UTC;4140000;8280000;8280000;0.0;0.92;0.88
1;2024-03-03 09:39:09.000000 UTC;2024-03-03 13:43:03.000000 UTC;4140000;12203800;12203800;38.648.349;0.92;0.88
3;2024-03-03 08:29:26.000000 UTC;2024-03-03 10:35:40.000000 UTC;4140000;13580350;13580350;1.101.313.651.111.110;0.92;0.88
3;2024-03-02 20:11:33.000000 UTC;2024-03-03 07:59:24.000000 UTC;4140000;9737280;9737280;0.75026677222222216;0.92;0.88
3;2024-03-02 13:22:03.000000 UTC;2024-03-02 15:55:03.000000 UTC;4140000;12530400;12530400;10.180.160.844.444.400;0.92;0.88
3;2024-03-02 08:16:45.000000 UTC;2024-03-02 10:12:41.000000 UTC;4140000;9728310;9728310;7.866.600.683.333.330;0.92;0.88
3;2024-03-02 08:07:09.000000 UTC;2024-03-02 08:16:39.000000 UTC;4140000;9728310;9728310;0.17266163888888889;0.92;0.88
3;2024-03-01 18:19:52.000000 UTC;2024-03-01 19:51:12.000000 UTC;4140000;9727390;9727390;24.072.109.222.222.200;0.92;0.88
5;2024-03-01 16:30:48.000000 UTC;2024-03-02 06:17:48.000000 UTC;4140000;11040000;11040000;11.377.139.111.111.100;0.92;0.88
7;2024-03-01 10:24:53.000000 UTC;2024-03-01 16:23:55.000000 UTC;4140000;11040000;11040000;18.787.359.611.111.100;0.92;0.88
1;2024-03-01 07:40:38.000000 UTC;2024-03-01 13:42:42.000000 UTC;2760000;9372500;9372500;91.179.155.555.555.500;0.92;0.88
6;2024-02-29 10:53:19.000000 UTC;2024-02-29 14:32:07.000000 UTC;1380000;11040000;11040000;17.397.760.050.000.000;0.92;0.88
1;2024-02-29 09:45:13.000000 UTC;2024-02-29 11:40:35.000000 UTC;2760000;11040000;11040000;20.500.414.944.444.400;0.92;0.88
1;2024-02-29 08:55:51.000000 UTC;2024-02-29 09:44:55.000000 UTC;2760000;9344900;9344900;56.423.178.333.333.300;0.92;0.88
3;2024-02-29 07:29:52.000000 UTC;2024-02-29 16:00:52.000000 UTC;4140000;13552519;13552519;27.294.788.211.111.100;0.92;0.88
5;2024-02-28 19:45:24.000000 UTC;2024-02-29 05:29:16.000000 UTC;4140000;11040000;11040000;13.602.207.666.666.600;0.92;0.88
7;2024-02-28 15:25:17.000000 UTC;2024-02-29 08:20:59.000000 UTC;4140000;11040000;11040000;16.094.092.833.333.300;0.92;0.88
6;2024-02-28 13:21:27.000000 UTC;2024-02-29 05:15:53.000000 UTC;4140000;11040000;11040000;15.930.036.516.666.600;0.92;0.88
1;2024-02-28 07:06:15.000000 UTC;2024-02-28 13:00:07.000000 UTC;2760000;9384000;9384000;84.513.014.444.444.400;0.92;0.88
3;2024-02-27 21:08:18.000000 UTC;2024-02-28 07:27:11.000000 UTC;4140000;9737050;9737050;0.18568168333333332;0.92;0.88
1;2024-02-27 16:46:16.000000 UTC;2024-02-28 06:43:47.000000 UTC;2760000;11040000;11040000;28.445.235.944.444.400;0.92;0.88
1;2024-02-27 12:57:34.000000 UTC;2024-02-27 13:53:34.000000 UTC;2760000;9358700;9358700;2.212.525.888.888.880;0.92;0.88
6;2024-02-26 13:38:05.000000 UTC;2024-02-27 04:52:27.000000 UTC;4140000;11040000;11040000;15.904.007.033.333.300;0.92;0.88
1;2024-02-25 11:04:48.000000 UTC;2024-02-25 14:45:54.000000 UTC;4140000;12210700;12210700;34.286.837.277.777.700;0.92;0.88
3;2024-02-24 20:01:54.000000 UTC;2024-02-27 17:56:32.000000 UTC;4140000;9740730;9740730;36.276.194.677.777.700;0.92;0.88
1;2024-02-24 12:05:45.000000 UTC;2024-02-25 11:04:38.000000 UTC;2760000;9379400;9379400;143.274.015;0.92;0.88
5;2024-02-24 11:26:04.000000 UTC;2024-02-24 11:48:20.000000 UTC;4140000;11040000;11040000;27.744.376.111.111.100;0.92;0.88
3;2024-02-24 09:21:58.000000 UTC;2024-02-24 17:04:42.000000 UTC;4140000;9733600;9733600;12.163.920.300.000.000;0.92;0.88
1;2024-02-23 22:45:55.000000 UTC;2024-02-24 07:00:21.000000 UTC;2760000;8280000;8280000;14.597.144.222.222.200;0.92;0.88
3;2024-02-23 18:03:49.000000 UTC;2024-02-24 07:39:50.000000 UTC;4140000;9733600;9733600;75.433.528.055.555.500;0.92;0.88
7;2024-02-23 15:51:19.000000 UTC;2024-02-24 12:12:25.000000 UTC;4140000;11040000;11040000;21.830.821.833.333.300;0.92;0.88
1;2024-02-23 14:15:55.000000 UTC;2024-02-23 15:48:01.000000 UTC;2760000;9381700;9381700;10.659.438.166.666.600;0.92;0.88
2;2024-02-23 12:58:08.000000 UTC;2024-02-26 17:21:11.000000 UTC;4140000;12190000;12190000;27.785.597.222.222.200;0.92;0.88
2;2024-02-22 17:46:33.000000 UTC;2024-02-23 07:41:52.000000 UTC;4140000;12194600;12194600;26.699.564.055.555.500;0.92;0.88
1;2024-02-22 17:16:37.000000 UTC;2024-02-23 06:45:13.000000 UTC;4140000;12146300;12146300;39.076.207.777.777.700;0.92;0.88
6;2024-02-22 17:06:14.000000 UTC;2024-02-23 10:02:26.000000 UTC;4140000;11040000;11040000;14.163.246.027.777.700;0.92;0.88
4;2024-02-22 12:59:04.000000 UTC;2024-02-23 03:54:30.000000 UTC;4140000;11040000;11040000;78.145.011.238.888.800;0.92;0.88
7;2024-02-22 12:08:27.000000 UTC;2024-02-22 21:49:43.000000 UTC;4140000;11040000;11040000;8.958.316;0.92;0.88
6;2024-02-21 20:38:48.000000 UTC;2024-02-22 07:25:58.000000 UTC;4140000;11040000;11040000;12.132.889.466.666.600;0.92;0.88
2;2024-02-21 18:13:50.000000 UTC;2024-02-22 09:40:25.000000 UTC;4140000;12183100;12183100;43.687.978.666.666.600;0.92;0.88
1;2024-02-21 16:23:10.000000 UTC;2024-02-22 06:44:33.000000 UTC;4140000;12196900;12196900;17.772.636.666.666.600;0.92;0.88
3;2024-02-21 15:44:13.000000 UTC;2024-02-21 18:25:11.000000 UTC;4140000;9734290;9734290;14.370.380.322.222.200;0.92;0.88
7;2024-02-21 14:49:13.000000 UTC;2024-02-21 19:03:23.000000 UTC;4140000;11040000;11040000;12.785.972.166.666.600;0.92;0.88
5;2024-02-21 07:35:48.000000 UTC;2024-02-21 13:42:00.000000 UTC;1380000;12095700;12095700;14.731.512.777.777.700;0.92;0.88
6;2024-02-20 20:17:46.000000 UTC;2024-02-21 10:24:18.000000 UTC;4140000;12088339;12088339;12.032.913.961.111.100;0.92;0.88
4;2024-02-20 18:29:20.000000 UTC;2024-02-21 12:11:26.000000 UTC;4140000;11040000;11040000;38.622.812.832.777.700;0.92;0.88
1;2024-02-20 16:37:33.000000 UTC;2024-02-21 06:42:58.000000 UTC;4140000;12203800;12203800;36.173.482.555.555.500;0.92;0.88
2;2024-02-20 14:50:17.000000 UTC;2024-02-21 11:15:54.000000 UTC;4140000;12185400;12185400;52.047.528;0.92;0.88
7;2024-02-20 13:03:35.000000 UTC;2024-02-20 15:34:29.000000 UTC;4140000;12353299;12353299;18.232.977.833.333.300;0.92;0.88
5;2024-02-20 11:20:56.000000 UTC;2024-02-21 07:35:10.000000 UTC;1380000;8280000;8280000;104.088.225;0.92;0.88
2;2024-02-19 14:28:57.000000 UTC;2024-02-20 08:06:32.000000 UTC;4140000;12201500;12201500;46.214.044.388.888.800;0.92;0.88
1;2024-02-18 14:23:44.000000 UTC;2024-02-19 06:48:06.000000 UTC;2760000;11040000;11040000;50.866.718.222.222.200;0.92;0.88
1;2024-02-18 07:52:32.000000 UTC;2024-02-18 14:23:34.000000 UTC;2760000;9397800;9397800;135.129.255;0.92;0.88
6;2024-02-17 11:06:12.000000 UTC;2024-02-17 14:28:40.000000 UTC;1380000;11040000;11040000;25.254.503.572.222.200;0.92;0.88
4;2024-02-17 10:54:18.000000 UTC;2024-02-17 12:37:20.000000 UTC;4140000;11040000;11040000;12.435.170.104.444.400;0.92;0.88
3;2024-02-17 10:12:55.000000 UTC;2024-02-18 18:41:50.000000 UTC;4140000;11040000;11040000;15.701.258.327.777.700;0.92;0.88
3;2024-02-17 10:11:21.000000 UTC;2024-02-17 10:12:49.000000 UTC;4140000;11040000;11040000;0.14338442777777777;0.92;0.88
4;2024-02-17 08:48:06.000000 UTC;2024-02-17 10:08:38.000000 UTC;4140000;11040000;11040000;0.16080943055555555;0.92;0.88
4;2024-02-16 21:17:56.000000 UTC;2024-02-17 07:39:16.000000 UTC;4140000;11040000;11040000;0.19647927222222222;0.92;0.88
3;2024-02-16 15:14:54.000000 UTC;2024-02-17 08:46:29.000000 UTC;4140000;12224499;12224499;12.820.447.377.777.700;0.92;0.88
3;2024-02-16 15:05:00.000000 UTC;2024-02-16 15:14:46.000000 UTC;4140000;9715200;9715200;0.14051364444444445;0.92;0.88
2;2024-02-16 14:12:12.000000 UTC;2024-02-19 08:11:39.000000 UTC;4140000;12176200;12176200;47.897.346.666.666.600;0.92;0.88
6;2024-02-16 12:15:32.000000 UTC;2024-02-17 09:40:30.000000 UTC;1380000;11040000;11040000;18.942.805.494.444.400;0.92;0.88
7;2024-02-16 11:46:08.000000 UTC;2024-02-16 18:09:38.000000 UTC;4140000;11040000;11040000;18.044.237.277.777.700;0.92;0.88
2;2024-02-15 17:39:29.000000 UTC;2024-02-16 09:40:58.000000 UTC;4140000;12180799;12180799;41.630.626.111.111.100;0.92;0.88
6;2024-02-15 14:06:44.000000 UTC;2024-02-15 17:11:56.000000 UTC;4140000;14400529;14400529;15.725.255.505.555.500;0.92;0.88
1;2024-02-15 09:10:55.000000 UTC;2024-02-15 13:03:17.000000 UTC;2760000;9377100;9377100;13.964.732.388.888.800;0.92;0.88
7;2024-02-14 18:24:32.000000 UTC;2024-02-15 08:56:36.000000 UTC;4140000;12270500;12270500;16.545.359.222.222.200;0.92;0.88
1;2024-02-14 16:45:38.000000 UTC;2024-02-15 06:44:35.000000 UTC;4140000;12146300;12146300;40.918.595.944.444.400;0.92;0.88
2;2024-02-14 16:15:38.000000 UTC;2024-02-15 09:42:23.000000 UTC;4140000;12187700;12187700;57.784.232.722.222.200;0.92;0.88
5;2024-02-14 13:03:01.000000 UTC;2024-02-14 14:09:37.000000 UTC;4140000;11999100;11999100;85.809.626.666.666.600;0.92;0.88
2;2024-02-13 19:10:23.000000 UTC;2024-02-14 07:34:43.000000 UTC;4140000;8280000;8280000;0.0;0.92;0.88
1;2024-02-13 18:14:42.000000 UTC;2024-02-14 06:47:02.000000 UTC;4140000;12203800;12203800;35.495.682.777.777.700;0.92;0.88
4;2024-02-13 08:06:57.000000 UTC;2024-02-14 04:42:32.000000 UTC;4140000;11040000;11040000;39.306.747.466.666.600;0.92;0.88
3;2024-02-13 07:18:00.000000 UTC;2024-02-14 07:19:42.000000 UTC;4140000;9743490;9743490;22.675.738.205.555.500;0.92;0.88
1;2024-02-12 18:26:32.000000 UTC;2024-02-13 06:47:10.000000 UTC;2760000;11040000;11040000;28.080.726.833.333.300;0.92;0.88
1;2024-02-12 16:47:44.000000 UTC;2024-02-12 18:26:22.000000 UTC;2760000;9356400;9356400;11.176.735;0.92;0.88
7;2024-02-12 16:36:38.000000 UTC;2024-02-13 11:48:04.000000 UTC;4140000;12341800;12341800;17.679.199.166.666.600;0.92;0.88
6;2024-02-12 13:55:01.000000 UTC;2024-02-13 05:04:17.000000 UTC;4140000;11040000;11040000;11.993.137.377.777.700;0.92;0.88
6;2024-02-12 13:52:53.000000 UTC;2024-02-12 13:54:51.000000 UTC;4140000;11040000;11040000;0.19326721111111111;0.92;0.88
2;2024-02-12 12:17:21.000000 UTC;2024-02-13 18:56:21.000000 UTC;4140000;8280000;8280000;272.751.825;0.92;0.88
1;2024-02-12 12:16:38.000000 UTC;2024-02-12 13:41:18.000000 UTC;4140000;11040000;11040000;14.678.860.666.666.600;0.92;0.88
4;2024-02-10 12:22:48.000000 UTC;2024-02-10 15:22:20.000000 UTC;4140000;11040000;11040000;0.17675069444444444;0.92;0.88
3;2024-02-10 11:45:36.000000 UTC;2024-02-11 17:33:37.000000 UTC;4140000;13501000;13501000;47.595.483.038.888.800;0.92;0.88
6;2024-02-10 11:04:35.000000 UTC;2024-02-11 15:56:19.000000 UTC;4140000;11040000;11040000;11.926.427.666.666.600;0.92;0.88
1;2024-02-09 17:30:24.000000 UTC;2024-02-10 08:41:38.000000 UTC;2760000;9390900;9390900;14.359.763.777.777.700;0.92;0.88
7;2024-02-09 12:33:02.000000 UTC;2024-02-09 14:36:48.000000 UTC;4140000;11040000;11040000;14.749.203.611.111.100;0.92;0.88
6;2024-02-08 17:26:37.000000 UTC;2024-02-09 09:29:03.000000 UTC;4140000;14660199;14660199;11.915.753.622.222.200;0.92;0.88
7;2024-02-08 15:53:48.000000 UTC;2024-02-08 18:52:30.000000 UTC;4140000;11040000;11040000;17.679.847;0.92;0.88
6;2024-02-07 18:06:51.000000 UTC;2024-02-08 07:21:59.000000 UTC;4140000;11040000;11040000;11.004.026.722.222.200;0.92;0.88
5;2024-02-07 07:04:07.000000 UTC;2024-02-07 09:52:03.000000 UTC;4140000;11040000;11040000;75.815.104.444.444.400;0.92;0.88
5;2024-02-07 07:02:45.000000 UTC;2024-02-07 07:04:01.000000 UTC;1380000;11040000;11040000;0.050761;0.92;0.88
3;2024-02-07 06:26:45.000000 UTC;2024-02-08 07:28:27.000000 UTC;4140000;12273950;12273950;36.560.566.805.555.500;0.92;0.88
6;2024-02-06 20:50:41.000000 UTC;2024-02-07 12:00:25.000000 UTC;4140000;11040000;11040000;11.207.708.333.333.300;0.92;0.88
5;2024-02-06 16:53:29.000000 UTC;2024-02-07 06:49:29.000000 UTC;1380000;11005500;11005500;66.812.431.666.666.600;0.92;0.88
1;2024-02-06 16:32:06.000000 UTC;2024-02-07 06:40:03.000000 UTC;4140000;12148599;12148599;33.476.800.277.777.700;0.92;0.88
7;2024-02-06 13:41:00.000000 UTC;2024-02-06 17:22:30.000000 UTC;4140000;12367100;12367100;18.023.941.055.555.500;0.92;0.88
6;2024-02-06 11:10:09.000000 UTC;2024-02-06 12:24:19.000000 UTC;4140000;11040000;11040000;12.222.881.694.444.400;0.92;0.88
6;2024-02-05 20:33:01.000000 UTC;2024-02-06 10:11:27.000000 UTC;4140000;11040000;11040000;12.016.075.661.111.100;0.92;0.88
1;2024-02-05 18:05:14.000000 UTC;2024-02-06 06:44:02.000000 UTC;4140000;14862600;14862600;31.002.580.388.888.800;0.92;0.88
3;2024-02-05 16:16:46.000000 UTC;2024-02-06 06:20:24.000000 UTC;4140000;12205870;12205870;43.601.644.077.777.700;0.92;0.88
1;2024-02-05 08:55:23.000000 UTC;2024-02-05 10:02:19.000000 UTC;2760000;11040000;11040000;10.843.148.111.111.100;0.92;0.88
1;2024-02-05 08:21:00.000000 UTC;2024-02-05 08:55:15.000000 UTC;2760000;9390900;9390900;0.5568415;0.92;0.88
2;2024-02-05 08:17:09.000000 UTC;2024-02-05 09:03:26.000000 UTC;4140000;12178500;12178500;23.891.160.555.555.500;0.92;0.88
4;2024-02-04 15:29:12.000000 UTC;2024-02-05 05:33:12.000000 UTC;4140000;11040000;11040000;36.481.189.346.111.100;0.92;0.88
1;2024-02-04 15:17:16.000000 UTC;2024-02-05 06:44:51.000000 UTC;4140000;12155500;12155500;20.708.743.833.333.300;0.92;0.88
5;2024-02-02 16:20:15.000000 UTC;2024-02-03 14:04:43.000000 UTC;1380000;11904800;11904800;11.032.314.166.666.600;0.92;0.88
2;2024-02-02 15:54:36.000000 UTC;2024-02-02 19:21:36.000000 UTC;4140000;12157800;12157800;22.559.750.611.111.100;0.92;0.88
3;2024-02-02 14:30:04.000000 UTC;2024-02-03 11:41:23.000000 UTC;4140000;9744180;9744180;14.134.459.866.666.600;0.92;0.88
1;2024-02-02 13:12:48.000000 UTC;2024-02-02 15:53:56.000000 UTC;2760000;9363300;9363300;14.142.417.611.111.100;0.92;0.88
6;2024-02-02 13:04:45.000000 UTC;2024-02-02 15:15:35.000000 UTC;4140000;11040000;11040000;11.868.559.538.888.800;0.92;0.88
4;2024-02-02 11:53:04.000000 UTC;2024-02-02 15:40:28.000000 UTC;4140000;11040000;11040000;11.167.380.595.555.500;0.92;0.88
4;2024-02-02 11:50:24.000000 UTC;2024-02-02 11:52:44.000000 UTC;4140000;8280000;8280000;0.0;0.92;0.88
5;2024-02-01 18:27:29.000000 UTC;2024-02-02 10:05:09.000000 UTC;1380000;8280000;8280000;10.262.638.333.333.300;0.92;0.88
5;2024-02-01 18:06:55.000000 UTC;2024-02-01 18:27:23.000000 UTC;4140000;8280000;8280000;0.0;0.92;0.88
1;2024-02-01 18:00:39.000000 UTC;2024-02-02 06:55:24.000000 UTC;4140000;12123300;12123300;29.636.945.166.666.600;0.92;0.88
3;2024-02-01 15:56:06.000000 UTC;2024-02-02 07:12:02.000000 UTC;4140000;9740960;9740960;26.820.995.111.111.100;0.92;0.88
6;2024-02-01 13:22:35.000000 UTC;2024-02-02 05:39:05.000000 UTC;4140000;11904339;11904339;11.267.766.316.666.600;0.92;0.88
2;2024-02-01 13:17:29.000000 UTC;2024-02-02 07:41:26.000000 UTC;4140000;11040000;11040000;49.036.890.611.111.100;0.92;0.88
2;2024-02-01 12:08:24.000000 UTC;2024-02-01 13:12:03.000000 UTC;4140000;14860300;14860300;95.082.868.888.888.800;0.92;0.88
1;2024-02-01 07:20:49.000000 UTC;2024-02-01 08:33:03.000000 UTC;4140000;12173900;12173900;35.677.638.333.333.300;0.92;0.88
2;2024-01-31 19:17:03.000000 UTC;2024-02-01 06:41:40.000000 UTC;4140000;12164700;12164700;27.767.728.777.777.700;0.92;0.88
7;2024-01-31 16:58:15.000000 UTC;2024-02-01 15:47:36.000000 UTC;4140000;12176200;12176200;12.679.998.388.888.800;0.92;0.88
1;2024-01-31 16:45:38.000000 UTC;2024-02-01 07:11:53.000000 UTC;4140000;11040000;11040000;2.614.195.461.111.110;0.92;0.88
1;2024-01-31 10:10:24.000000 UTC;2024-01-31 12:54:34.000000 UTC;2760000;11040000;11040000;27.064.326.166.666.600;0.92;0.88
1;2024-01-31 07:05:36.000000 UTC;2024-01-31 08:12:38.000000 UTC;2760000;9374800;9374800;73.112.272.222.222.200;0.92;0.88
2;2024-01-30 17:43:27.000000 UTC;2024-01-31 12:13:33.000000 UTC;4140000;11040000;11040000;53.006.119.444.444.400;0.92;0.88
6;2024-01-30 13:34:25.000000 UTC;2024-01-31 04:42:03.000000 UTC;4140000;11040000;11040000;11.919.110.216.666.600;0.92;0.88
2;2024-01-30 09:48:31.000000 UTC;2024-01-30 11:37:23.000000 UTC;4140000;12201500;12201500;19.049.123.888.888.800;0.92;0.88
1;2024-01-29 18:44:38.000000 UTC;2024-01-30 11:11:17.000000 UTC;2760000;11040000;11040000;35.007.799.111.111.100;0.92;0.88
3;2024-01-29 17:27:07.000000 UTC;2024-01-30 07:33:44.000000 UTC;4140000;9746940;9746940;97.587.413;0.92;0.88
2;2024-01-29 16:59:05.000000 UTC;2024-01-29 18:43:57.000000 UTC;4140000;12212999;12212999;15.047.229.944.444.400;0.92;0.88
1;2024-01-29 16:09:28.000000 UTC;2024-01-29 17:03:26.000000 UTC;2760000;9374800;9374800;581.026;0.92;0.88
6;2024-01-29 14:17:03.000000 UTC;2024-01-30 05:23:25.000000 UTC;4140000;11994730;11994730;12.003.847.072.222.200;0.92;0.88
7;2024-01-29 13:57:46.000000 UTC;2024-01-30 17:03:24.000000 UTC;4140000;11040000;11040000;20.658.205.166.666.600;0.92;0.88
5;2024-01-29 13:49:01.000000 UTC;2024-01-30 07:47:39.000000 UTC;4140000;11994500;11994500;12.353.992.555.555.500;0.92;0.88
1;2024-01-29 08:55:40.000000 UTC;2024-01-29 10:32:12.000000 UTC;4140000;12134800;12134800;16.559.085.111.111.100;0.92;0.88
1;2024-01-28 15:23:03.000000 UTC;2024-01-29 06:44:56.000000 UTC;4140000;12104899;12104899;27.486.670.055.555.500;0.92;0.88
5;2024-01-28 08:42:45.000000 UTC;2024-01-28 12:57:25.000000 UTC;1380000;2803700;2803700;5.463.135.055.555.550;0.92;0.88
3;2024-01-27 13:37:38.000000 UTC;2024-01-29 07:12:57.000000 UTC;4140000;12241290;12241290;25.120.368.083.333.300;0.92;0.88
3;2024-01-27 13:32:48.000000 UTC;2024-01-27 13:37:30.000000 UTC;4140000;9720950;9720950;0.18739403333333332;0.92;0.88
1;2024-01-27 13:23:55.000000 UTC;2024-01-27 14:49:37.000000 UTC;4140000;11040000;11040000;15.117.764.555.555.500;0.92;0.88
3;2024-01-27 13:09:46.000000 UTC;2024-01-27 13:32:42.000000 UTC;4140000;12275100;12275100;0.63832717777777781;0.92;0.88
6;2024-01-27 11:34:58.000000 UTC;2024-01-27 13:32:26.000000 UTC;4140000;11040000;11040000;1.111.928.623.888.880;0.92;0.88
1;2024-01-27 07:21:27.000000 UTC;2024-01-27 08:09:31.000000 UTC;4140000;12148599;12148599;84.904.947.222.222.200;0.92;0.88
2;2024-01-26 13:32:00.000000 UTC;2024-01-29 06:42:48.000000 UTC;4140000;12199200;12199200;29.953.510.777.777.700;0.92;0.88
7;2024-01-26 12:05:12.000000 UTC;2024-01-27 14:39:38.000000 UTC;4140000;11040000;11040000;14.747.838.944.444.400;0.92;0.88
1;2024-01-26 09:39:08.000000 UTC;2024-01-26 11:29:18.000000 UTC;2760000;9370200;9370200;11.731.960.111.111.100;0.92;0.88
5;2024-01-26 08:33:35.000000 UTC;2024-01-26 13:54:03.000000 UTC;1380000;8280000;8280000;73.944.744.444.444.400;0.92;0.88
3;2024-01-25 16:15:57.000000 UTC;2024-01-26 07:05:03.000000 UTC;1380000;8280000;8280000;46.070.901.205.555.500;0.92;0.88
6;2024-01-25 16:09:13.000000 UTC;2024-01-26 05:11:13.000000 UTC;4140000;14400990;14400990;11.939.082.777.777.700;0.92;0.88
2;2024-01-25 13:38:32.000000 UTC;2024-01-26 07:41:00.000000 UTC;4140000;12178500;12178500;30.533.133.777.777.700;0.92;0.88
1;2024-01-25 12:06:00.000000 UTC;2024-01-25 12:57:56.000000 UTC;2760000;8280000;8280000;57.411.654.444.444.400;0.92;0.88
7;2024-01-25 10:39:08.000000 UTC;2024-01-25 13:11:34.000000 UTC;4140000;11040000;11040000;18.681.421.611.111.100;0.92;0.88
2;2024-01-24 17:51:31.000000 UTC;2024-01-25 06:41:42.000000 UTC;4140000;12194600;12194600;48.197.842.944.444.400;0.92;0.88
1;2024-01-24 16:46:37.000000 UTC;2024-01-25 06:47:56.000000 UTC;4140000;11040000;11040000;35.519.053.333.333.300;0.92;0.88
6;2024-01-24 16:43:40.000000 UTC;2024-01-25 07:53:01.000000 UTC;4140000;11040000;11040000;60.927.012.777.777.700;0.92;0.88
1;2024-01-24 12:04:25.000000 UTC;2024-01-24 14:29:47.000000 UTC;4140000;11040000;11040000;25.731.942.555.555.500;0.92;0.88
1;2024-01-24 10:57:01.000000 UTC;2024-01-24 11:51:57.000000 UTC;4140000;11040000;11040000;97.474.115;0.92;0.88
1;2024-01-24 09:51:51.000000 UTC;2024-01-24 10:34:29.000000 UTC;4140000;12137100;12137100;75.412.451.111.111.100;0.92;0.88
6;2024-01-23 16:46:46.000000 UTC;2024-01-24 06:47:08.000000 UTC;4140000;12055450;12055450;88.142.179.333.333.300;0.92;0.88
7;2024-01-23 14:54:00.000000 UTC;2024-01-24 06:00:38.000000 UTC;4140000;11040000;11040000;56.361.091.111.111.100;0.92;0.88
2;2024-01-23 12:22:34.000000 UTC;2024-01-24 09:41:05.000000 UTC;4140000;12192299;12192299;33.554.850.777.777.700;0.92;0.88
5;2024-01-23 12:14:47.000000 UTC;2024-01-24 06:41:41.000000 UTC;1380000;10906600;10906600;94.009.331.111.111.100;0.92;0.88
1;2024-01-22 17:16:13.000000 UTC;2024-01-23 06:45:24.000000 UTC;4140000;12148599;12148599;30.881.222.166.666.600;0.92;0.88
6;2024-01-22 16:45:40.000000 UTC;2024-01-23 07:57:42.000000 UTC;4140000;14586600;14586600;1.070.125.485;0.92;0.88
2;2024-01-22 16:40:56.000000 UTC;2024-01-23 05:57:22.000000 UTC;4140000;14855700;14855700;33.535.083.555.555.500;0.92;0.88
3;2024-01-21 15:29:27.000000 UTC;2024-01-21 18:06:37.000000 UTC;4140000;8280000;8280000;83.093.685.722.222.200;0.92;0.88
2;2024-01-21 11:03:38.000000 UTC;2024-01-22 08:10:10.000000 UTC;4140000;12187700;12187700;13.626.440.722.222.200;0.92;0.88
6;2024-01-21 09:49:56.000000 UTC;2024-01-21 11:56:54.000000 UTC;4140000;12036590;12036590;10.181.467.116.666.600;0.92;0.88
1;2024-01-20 11:47:49.000000 UTC;2024-01-21 07:30:15.000000 UTC;1380000;11040000;11040000;83.856.045;0.92;0.88
5;2024-01-20 08:28:25.000000 UTC;2024-01-20 14:20:59.000000 UTC;4140000;11040000;11040000;86.715.098.333.333.300;0.92;0.88
1;2024-01-20 08:02:35.000000 UTC;2024-01-20 11:06:11.000000 UTC;4140000;12123300;12123300;32.136.066.388.888.800;0.92;0.88
5;2024-01-19 10:41:03.000000 UTC;2024-01-19 13:41:45.000000 UTC;4140000;11040000;11040000;13.665.872.944.444.400;0.92;0.88
1;2024-01-18 18:37:09.000000 UTC;2024-01-19 06:43:06.000000 UTC;2760000;11040000;11040000;34.140.801.333.333.300;0.92;0.88
2;2024-01-18 15:17:28.000000 UTC;2024-01-19 06:48:00.000000 UTC;2760000;12206100;12206100;36.261.716.944.444.400;0.92;0.88
1;2024-01-18 13:49:19.000000 UTC;2024-01-18 18:36:53.000000 UTC;2760000;9388600;9388600;12.811.106.055.555.500;0.92;0.88
1;2024-01-17 16:40:36.000000 UTC;2024-01-18 13:46:59.000000 UTC;4140000;12201500;12201500;37.611.167.833.333.300;0.92;0.88
2;2024-01-17 16:06:07.000000 UTC;2024-01-18 06:38:18.000000 UTC;4140000;12190000;12190000;58.855.062.888.888.800;0.92;0.88
1;2024-01-17 12:16:27.000000 UTC;2024-01-17 13:47:43.000000 UTC;4140000;8280000;8280000;0.0;0.92;0.88
7;2024-01-17 12:10:10.000000 UTC;2024-01-17 15:37:54.000000 UTC;4140000;11040000;11040000;94.960.611.111.111.100;0.92;0.88
1;2024-01-17 10:03:47.000000 UTC;2024-01-17 11:59:29.000000 UTC;2760000;11040000;11040000;14.426.039.555.555.500;0.92;0.88
1;2024-01-16 18:02:32.000000 UTC;2024-01-17 06:43:29.000000 UTC;2760000;11040000;11040000;286.737.665;0.92;0.88
2;2024-01-16 17:39:27.000000 UTC;2024-01-17 07:54:35.000000 UTC;4140000;12183100;12183100;67.484.770.222.222.200;0.92;0.88
1;2024-01-16 15:34:18.000000 UTC;2024-01-16 18:02:16.000000 UTC;2760000;7360000;7360000;13.531.112.111.111.100;0.92;0.88
3;2024-01-16 11:28:31.000000 UTC;2024-01-17 07:41:42.000000 UTC;2760000;9741880;9741880;249.132.297;0.92;0.88
1;2024-01-15 17:28:42.000000 UTC;2024-01-16 06:41:04.000000 UTC;1380000;11040000;11040000;35.791.694.055.555.500;0.92;0.88
2;2024-01-15 13:18:51.000000 UTC;2024-01-16 10:55:15.000000 UTC;4140000;12196900;12196900;49.931.381.055.555.500;0.92;0.88
1;2024-01-14 16:37:36.000000 UTC;2024-01-15 06:43:50.000000 UTC;1380000;12148599;12148599;53.520.859.444.444.400;0.92;0.88
2;2024-01-12 14:05:15.000000 UTC;2024-01-15 07:41:17.000000 UTC;4140000;12190000;12190000;50.320.150.055.555.500;0.92;0.88
5;2024-01-12 13:09:25.000000 UTC;2024-01-13 09:06:01.000000 UTC;1380000;11040000;11040000;14.939.881.277.777.700;0.92;0.88
7;2024-01-12 11:32:56.000000 UTC;2024-01-13 10:14:58.000000 UTC;4140000;11040000;11040000;15.421.263.611.111.100;0.92;0.88
6;2024-01-11 18:06:26.000000 UTC;2024-01-12 10:59:02.000000 UTC;4140000;11040000;11040000;11.882.458.566.666.600;0.92;0.88
1;2024-01-11 17:42:21.000000 UTC;2024-01-12 06:41:47.000000 UTC;4140000;14271500;14271500;3.555.937.872.222.220;0.92;0.88
2;2024-01-11 17:14:13.000000 UTC;2024-01-12 06:42:25.000000 UTC;4140000;12804100;12804100;45.739.320.555.555.500;0.92;0.88
7;2024-01-11 14:34:58.000000 UTC;2024-01-12 06:11:34.000000 UTC;4140000;11040000;11040000;72.661.574.444.444.400;0.92;0.88
5;2024-01-11 14:32:55.000000 UTC;2024-01-12 09:12:57.000000 UTC;1380000;10936500;10936500;87.636.887.222.222.200;0.92;0.88
7;2024-01-11 10:19:42.000000 UTC;2024-01-11 12:22:04.000000 UTC;4140000;11040000;11040000;86.412.418.333.333.300;0.92;0.88
1;2024-01-10 19:54:11.000000 UTC;2024-01-11 06:47:59.000000 UTC;2760000;11040000;11040000;46.182.841.055.555.500;0.92;0.88
6;2024-01-10 18:17:26.000000 UTC;2024-01-11 11:15:02.000000 UTC;4140000;11040000;11040000;14.845.942.761.111.100;0.92;0.88
2;2024-01-10 17:26:18.000000 UTC;2024-01-11 06:40:47.000000 UTC;4140000;12194600;12194600;72.674.368.833.333.300;0.92;0.88
7;2024-01-10 15:46:04.000000 UTC;2024-01-11 06:51:36.000000 UTC;4140000;11040000;11040000;15.357.055.277.777.700;0.92;0.88
1;2024-01-10 13:10:45.000000 UTC;2024-01-10 14:28:39.000000 UTC;2760000;9400100;9400100;89.524.011.666.666.600;0.92;0.88
6;2024-01-09 20:42:54.000000 UTC;2024-01-10 10:07:22.000000 UTC;4140000;11040000;11040000;12.055.443.611.111.100;0.92;0.88
1;2024-01-09 17:51:26.000000 UTC;2024-01-10 06:46:05.000000 UTC;2760000;11040000;11040000;42.192.182.611.111.100;0.92;0.88
2;2024-01-09 17:36:29.000000 UTC;2024-01-10 09:10:14.000000 UTC;4140000;11040000;11040000;64.665.808.444.444.400;0.92;0.88
1;2024-01-09 16:44:10.000000 UTC;2024-01-09 17:44:38.000000 UTC;2760000;11040000;11040000;70.743.911.111.111.100;0.92;0.88
3;2024-01-09 15:42:16.000000 UTC;2024-01-12 06:26:49.000000 UTC;4140000;8280000;8280000;28.259.315.444.444.400;0.92;0.88
7;2024-01-09 14:12:30.000000 UTC;2024-01-09 15:46:58.000000 UTC;4140000;11040000;11040000;95.206.327.777.777.700;0.92;0.88
6;2024-01-08 20:26:48.000000 UTC;2024-01-09 12:21:28.000000 UTC;4140000;12051310;12051310;16.404.963.644.444.400;0.92;0.88
1;2024-01-08 18:02:13.000000 UTC;2024-01-09 06:43:50.000000 UTC;2760000;12201500;12201500;49.283.809.666.666.600;0.92;0.88
2;2024-01-08 16:32:49.000000 UTC;2024-01-09 10:10:01.000000 UTC;4140000;12171600;12171600;63.361.587.055.555.500;0.92;0.88
5;2024-01-08 16:04:41.000000 UTC;2024-01-09 10:59:55.000000 UTC;4140000;12024400;12024400;134.054.465;0.92;0.88
5;2024-01-07 17:39:40.000000 UTC;2024-01-08 08:02:50.000000 UTC;1380000;2808300;2808300;91.323.761.666.666.600;0.92;0.88
2;2024-01-07 14:33:50.000000 UTC;2024-01-08 08:38:41.000000 UTC;4140000;8280000;8280000;0.0;0.92;0.88
1;2024-01-07 14:30:32.000000 UTC;2024-01-07 19:47:56.000000 UTC;4140000;12132500;12132500;70.731.542.222.222.200;0.92;0.88
5;2024-01-07 10:19:20.000000 UTC;2024-01-07 15:39:16.000000 UTC;1380000;2808300;2808300;7.489.306;0.92;0.88
1;2024-01-06 13:44:45.000000 UTC;2024-01-06 16:45:57.000000 UTC;4140000;11040000;11040000;14.041.461.666.666.600;0.92;0.88
1;2024-01-06 08:24:15.000000 UTC;2024-01-06 13:13:27.000000 UTC;4140000;12141700;12141700;40.020.748.777.777.700;0.92;0.88
1;2024-01-05 16:21:28.000000 UTC;2024-01-05 18:55:08.000000 UTC;2760000;8836600;8836600;13.924.841.444.444.400;0.92;0.88
6;2024-01-05 14:11:02.000000 UTC;2024-01-06 10:39:24.000000 UTC;4140000;11040000;11040000;12.052.010.477.777.700;0.92;0.88
5;2024-01-05 10:03:15.000000 UTC;2024-01-06 09:51:17.000000 UTC;1380000;10888200;10888200;10.682.141.722.222.200;0.92;0.88
5;2024-01-04 18:00:03.000000 UTC;2024-01-05 07:49:31.000000 UTC;4140000;11040000;11040000;16.015.458.388.888.800;0.92;0.88
5;2024-01-04 17:52:17.000000 UTC;2024-01-04 17:59:53.000000 UTC;1380000;11040000;11040000;0.060942333333333334;0.92;0.88
6;2024-01-04 13:53:24.000000 UTC;2024-01-05 05:28:58.000000 UTC;4140000;11040000;11040000;12.030.910.661.111.100;0.92;0.88
7;2024-01-04 12:14:30.000000 UTC;2024-01-04 14:10:18.000000 UTC;4140000;11040000;11040000;11.638.937.888.888.800;0.92;0.88
6;2024-01-03 14:12:42.000000 UTC;2024-01-04 05:19:20.000000 UTC;4140000;11040000;11040000;1.202.180.726.111.110;0.92;0.88
6;2024-01-01 14:39:52.000000 UTC;2024-01-02 05:12:08.000000 UTC;4140000;11040000;11040000;12.103.161.455.555.500;0.92;0.88
1;2023-12-31 08:30:32.000000 UTC;2023-12-31 10:49:28.000000 UTC;4140000;14881000;14881000;19.798.946.888.888.800;0.92;0.88
7;2023-12-30 12:35:48.000000 UTC;2023-12-30 14:07:54.000000 UTC;4140000;11040000;11040000;29.939.841.111.111.100;0.92;0.88
3;2023-12-30 12:34:12.000000 UTC;2023-12-30 19:10:20.000000 UTC;4140000;9753840;9753840;26.121.140.888.888.800;0.92;0.88
1;2023-12-30 08:58:55.000000 UTC;2023-12-30 10:44:01.000000 UTC;2760000;8758400;8758400;92.394.501.111.111.100;0.92;0.88
3;2023-12-30 07:42:24.000000 UTC;2023-12-30 11:00:16.000000 UTC;4140000;11040000;11040000;20.907.091.233.333.300;0.92;0.88
3;2023-12-30 07:39:50.000000 UTC;2023-12-30 07:42:14.000000 UTC;4140000;12269119;12269119;0.14813993333333331;0.92;0.88
6;2023-12-29 12:27:28.000000 UTC;2023-12-30 16:05:26.000000 UTC;4140000;11040000;11040000;12.019.590.188.888.800;0.92;0.88
1;2023-12-28 15:42:19.000000 UTC;2023-12-29 08:14:32.000000 UTC;2760000;9384000;9384000;12.033.766.111.111.100;0.92;0.88
7;2023-12-28 15:18:14.000000 UTC;2023-12-29 13:13:00.000000 UTC;4140000;11040000;11040000;18.993.449.833.333.300;0.92;0.88
6;2023-12-26 16:13:08.000000 UTC;2023-12-26 18:58:02.000000 UTC;4140000;11040000;11040000;77.869.346.888.888.800;0.92;0.88
6;2023-12-26 12:05:46.000000 UTC;2023-12-26 12:50:46.000000 UTC;4140000;11040000;11040000;69.044.756.722.222.200;0.92;0.88
5;2023-12-26 11:49:29.000000 UTC;2023-12-26 18:30:07.000000 UTC;1380000;2815200;2815200;81.882.606.666.666.600;0.92;0.88
2;2023-12-24 09:38:04.000000 UTC;2023-12-24 14:50:54.000000 UTC;4140000;12157800;12157800;26.792.195.277.777.700;0.92;0.88
1;2023-12-23 16:51:17.000000 UTC;2023-12-24 09:37:03.000000 UTC;2760000;9363300;9363300;77.014.158.333.333.300;0.92;0.88
5;2023-12-23 14:19:29.000000 UTC;2023-12-24 16:27:05.000000 UTC;1380000;10998600;10998600;95.167.572.777.777.700;0.92;0.88
1;2023-12-23 10:26:04.000000 UTC;2023-12-23 16:51:01.000000 UTC;4140000;11040000;11040000;35.450.743.333.333.300;0.92;0.88
5;2023-12-22 22:04:57.000000 UTC;2023-12-23 09:19:01.000000 UTC;4140000;11040000;11040000;15.149.162.111.111.100;0.92;0.88
7;2023-12-22 16:39:50.000000 UTC;2023-12-23 12:27:02.000000 UTC;4140000;11040000;11040000;21.812.267.222.222.200;0.92;0.88
1;2023-12-22 13:27:02.000000 UTC;2023-12-22 16:31:52.000000 UTC;2760000;9402400;9402400;14.262.606.666.666.600;0.92;0.88
6;2023-12-22 13:25:27.000000 UTC;2023-12-22 16:21:17.000000 UTC;4140000;11040000;11040000;12.181.289.516.666.600;0.92;0.88
6;2023-12-21 18:00:39.000000 UTC;2023-12-22 05:21:13.000000 UTC;4140000;11040000;11040000;12.126.252.944.444.400;0.92;0.88
2;2023-12-21 16:14:48.000000 UTC;2023-12-22 06:40:57.000000 UTC;4140000;12196900;12196900;58.653.038.555.555.500;0.92;0.88
7;2023-12-21 15:51:42.000000 UTC;2023-12-22 06:06:26.000000 UTC;4140000;11040000;11040000;22.801.133.055.555.500;0.92;0.88
5;2023-12-20 18:20:11.000000 UTC;2023-12-20 20:47:03.000000 UTC;4140000;11040000;11040000;16.818.817.722.222.200;0.92;0.88
2;2023-12-20 17:16:28.000000 UTC;2023-12-21 06:41:58.000000 UTC;4140000;12199200;12199200;34.131.916.944.444.400;0.92;0.88
7;2023-12-20 16:20:12.000000 UTC;2023-12-20 20:33:48.000000 UTC;4140000;11040000;11040000;14.594.371.444.444.400;0.92;0.88
6;2023-12-20 13:52:01.000000 UTC;2023-12-21 05:47:25.000000 UTC;4140000;11040000;11040000;1.227.842.695;0.92;0.88
5;2023-12-19 18:30:05.000000 UTC;2023-12-20 05:53:15.000000 UTC;4140000;11040000;11040000;49.781.826.111.111.100;0.92;0.88
7;2023-12-19 18:16:14.000000 UTC;2023-12-19 20:26:38.000000 UTC;4140000;11040000;11040000;22.152.966.222.222.200;0.92;0.88
2;2023-12-19 14:52:45.000000 UTC;2023-12-20 06:40:24.000000 UTC;4140000;12171600;12171600;6.911.524.405.555.550;0.92;0.88
2;2023-12-18 17:41:19.000000 UTC;2023-12-19 09:36:45.000000 UTC;4140000;12176200;12176200;21.167.326.777.777.700;0.92;0.88
3;2023-12-18 16:00:16.000000 UTC;2023-12-19 07:13:40.000000 UTC;4140000;12239910;12239910;66.870.792.888.888.800;0.92;0.88
5;2023-12-18 11:19:33.000000 UTC;2023-12-18 14:49:21.000000 UTC;1380000;12001400;12001400;14.540.017.333.333.300;0.92;0.88
5;2023-12-17 16:30:45.000000 UTC;2023-12-18 11:17:15.000000 UTC;1380000;2824400;2824400;56.004.361.111.111.100;0.92;0.88
6;2023-12-17 14:09:09.000000 UTC;2023-12-20 12:02:13.000000 UTC;4140000;11040000;11040000;12.145.617.666.666.600;0.92;0.88
1;2023-12-17 08:16:02.000000 UTC;2023-12-17 13:38:14.000000 UTC;4140000;12146300;12146300;27.848.796.111.111.100;0.92;0.88
2;2023-12-15 12:47:00.000000 UTC;2023-12-18 08:24:49.000000 UTC;4140000;12806399;12806399;43.926.924.388.888.800;0.92;0.88
7;2023-12-15 12:11:59.000000 UTC;2023-12-16 10:25:59.000000 UTC;4140000;12288899;12288899;16.660.484.444.444.400;0.92;0.88
1;2023-12-14 19:36:55.000000 UTC;2023-12-15 07:01:05.000000 UTC;4140000;8280000;8280000;0.0;0.92;0.88
5;2023-12-14 19:03:27.000000 UTC;2023-12-15 13:53:37.000000 UTC;1380000;2824400;2824400;27.029.382.777.777.700;0.92;0.88
3;2023-12-14 18:56:15.000000 UTC;2023-12-15 14:43:18.000000 UTC;2760000;12260610;12260610;36.408.132.516.666.600;0.92;0.88
2;2023-12-14 16:52:38.000000 UTC;2023-12-15 06:41:24.000000 UTC;4140000;12196900;12196900;515.186.775;0.92;0.88
1;2023-12-14 16:15:07.000000 UTC;2023-12-14 19:22:09.000000 UTC;4140000;11040000;11040000;30.386.763.055.555.500;0.92;0.88
1;2023-12-14 13:16:03.000000 UTC;2023-12-14 14:11:13.000000 UTC;4140000;11040000;11040000;98.037.908.888.888.800;0.92;0.88
1;2023-12-14 12:06:59.000000 UTC;2023-12-14 13:02:07.000000 UTC;4140000;12164700;12164700;97.716.011.111.111.100;0.92;0.88
5;2023-12-14 11:42:29.000000 UTC;2023-12-14 17:49:05.000000 UTC;1380000;8280000;8280000;86.187.848.888.888.800;0.92;0.88
1;2023-12-13 18:45:02.000000 UTC;2023-12-14 06:31:21.000000 UTC;4140000;12144000;12144000;3.656.047.544.444.440;0.92;0.88
2;2023-12-13 17:59:13.000000 UTC;2023-12-14 07:39:40.000000 UTC;4140000;12180799;12180799;38.795.717.666.666.600;0.92;0.88
6;2023-12-13 16:15:19.000000 UTC;2023-12-14 11:31:51.000000 UTC;4140000;12042569;12042569;12.215.447.327.777.700;0.92;0.88
7;2023-12-13 15:42:07.000000 UTC;2023-12-14 09:29:03.000000 UTC;4140000;11040000;11040000;13.475.383.111.111.100;0.92;0.88
3;2023-12-12 21:16:32.000000 UTC;2023-12-13 07:15:45.000000 UTC;4140000;12247500;12247500;48.653.980.477.777.700;0.92;0.88
1;2023-12-12 16:33:15.000000 UTC;2023-12-13 06:44:47.000000 UTC;2760000;11040000;11040000;22.779.243.444.444.400;0.92;0.88
5;2023-12-12 16:30:27.000000 UTC;2023-12-13 09:14:25.000000 UTC;4140000;11040000;11040000;81.489.958.333.333.300;0.92;0.88
6;2023-12-12 16:17:03.000000 UTC;2023-12-13 06:09:11.000000 UTC;4140000;11040000;11040000;12.107.317.555.555.500;0.92;0.88
7;2023-12-12 16:08:11.000000 UTC;2023-12-13 06:10:55.000000 UTC;4140000;12155500;12155500;14.701.292.055.555.500;0.92;0.88
2;2023-12-12 15:30:27.000000 UTC;2023-12-13 09:09:35.000000 UTC;4140000;12190000;12190000;45.056.906.722.222.200;0.92;0.88
1;2023-12-12 14:43:39.000000 UTC;2023-12-12 16:33:05.000000 UTC;2760000;9356400;9356400;11.853.540.666.666.600;0.92;0.88
1;2023-12-12 10:09:57.000000 UTC;2023-12-12 11:53:21.000000 UTC;4140000;12148599;12148599;18.328.126.277.777.700;0.92;0.88
2;2023-12-11 15:47:36.000000 UTC;2023-12-12 08:37:49.000000 UTC;4140000;12171600;12171600;19.104.608.833.333.300;0.92;0.88
6;2023-12-11 15:04:51.000000 UTC;2023-12-12 05:59:09.000000 UTC;4140000;11040000;11040000;11.965.547.472.222.200;0.92;0.88
1;2023-12-10 16:23:30.000000 UTC;2023-12-11 06:48:16.000000 UTC;2760000;9340300;9340300;14.316.820.222.222.200;0.92;0.88
5;2023-12-08 19:44:15.000000 UTC;2023-12-09 07:06:25.000000 UTC;4140000;12003700;12003700;12.298.404.111.111.100;0.92;0.88
2;2023-12-08 15:45:45.000000 UTC;2023-12-11 08:08:58.000000 UTC;4140000;12203800;12203800;65.407.124;0.92;0.88
1;2023-12-08 15:08:44.000000 UTC;2023-12-08 18:56:20.000000 UTC;2760000;9338000;9338000;13.696.478.277.777.700;0.92;0.88
6;2023-12-08 13:26:49.000000 UTC;2023-12-08 14:09:41.000000 UTC;4140000;11040000;11040000;73.503.462.611.111.100;0.92;0.88
2;2023-12-07 16:10:48.000000 UTC;2023-12-08 07:23:03.000000 UTC;4140000;12203800;12203800;52.812.755.888.888.800;0.92;0.88
6;2023-12-07 13:38:05.000000 UTC;2023-12-08 05:12:37.000000 UTC;4140000;12044410;12044410;12.015.703.316.666.600;0.92;0.88
7;2023-12-07 10:57:35.000000 UTC;2023-12-07 15:13:57.000000 UTC;4140000;12293500;12293500;15.194.594.777.777.700;0.92;0.88
1;2023-12-06 18:19:47.000000 UTC;2023-12-07 06:35:16.000000 UTC;2760000;11040000;11040000;40.205.326.333.333.300;0.92;0.88
6;2023-12-06 17:00:54.000000 UTC;2023-12-07 05:11:46.000000 UTC;4140000;11040000;11040000;12.085.532.338.888.800;0.92;0.88
1;2023-12-06 16:18:14.000000 UTC;2023-12-06 18:19:35.000000 UTC;2760000;11161900;11161900;12.492.354.166.666.600;0.92;0.88
2;2023-12-06 15:03:29.000000 UTC;2023-12-07 06:40:45.000000 UTC;4140000;14828100;14828100;38.721.540.111.111.100;0.92;0.88
1;2023-12-06 12:06:12.000000 UTC;2023-12-06 13:00:44.000000 UTC;2760000;9361000;9361000;62.697.514.444.444.400;0.92;0.88
5;2023-12-06 10:46:20.000000 UTC;2023-12-06 13:29:38.000000 UTC;4140000;11040000;11040000;88.344.827.222.222.200;0.92;0.88
5;2023-12-06 08:24:06.000000 UTC;2023-12-06 09:30:04.000000 UTC;1380000;11040000;11040000;90.932.787.222.222.200;0.92;0.88
7;2023-12-05 18:23:53.000000 UTC;2023-12-06 05:55:31.000000 UTC;4140000;11040000;11040000;22.461.382.166.666.600;0.92;0.88
2;2023-12-05 18:18:36.000000 UTC;2023-12-06 06:43:07.000000 UTC;2760000;11040000;11040000;3.192.769.788.888.880;0.92;0.88
3;2023-12-05 17:12:27.000000 UTC;2023-12-06 06:25:34.000000 UTC;4140000;11040000;11040000;24.985.892.833.333.300;0.92;0.88
3;2023-12-05 17:05:51.000000 UTC;2023-12-05 17:12:17.000000 UTC;4140000;12233470;12233470;0.20573014444444446;0.92;0.88
6;2023-12-05 13:57:14.000000 UTC;2023-12-06 05:07:04.000000 UTC;4140000;11040000;11040000;12.108.537.833.333.300;0.92;0.88
7;2023-12-05 09:31:05.000000 UTC;2023-12-05 11:59:13.000000 UTC;4140000;11040000;11040000;94.982.422.777.777.700;0.92;0.88
5;2023-12-05 07:22:02.000000 UTC;2023-12-05 13:54:36.000000 UTC;1380000;11021600;11021600;89.453.567.777.777.700;0.92;0.88
3;2023-12-04 16:15:14.000000 UTC;2023-12-05 07:16:11.000000 UTC;4140000;12224270;12224270;28.769.339.294.444.400;0.92;0.88
2;2023-12-04 16:09:06.000000 UTC;2023-12-05 11:41:44.000000 UTC;2760000;12201500;12201500;55.724.421.722.222.200;0.92;0.88
1;2023-12-04 13:41:52.000000 UTC;2023-12-05 06:41:17.000000 UTC;2760000;9349500;9349500;65.806.232.777.777.700;0.92;0.88
6;2023-12-04 13:36:44.000000 UTC;2023-12-05 05:47:02.000000 UTC;4140000;11040000;11040000;12.094.681.227.777.700;0.92;0.88
1;2023-12-04 09:21:12.000000 UTC;2023-12-04 11:30:22.000000 UTC;4140000;12180799;12180799;152.778.995;0.92;0.88
3;2023-12-03 08:47:29.000000 UTC;2023-12-04 06:19:46.000000 UTC;4140000;12271420;12271420;64.467.839.138.888.800;0.92;0.88
1;2023-12-03 07:58:48.000000 UTC;2023-12-03 13:43:52.000000 UTC;2760000;11040000;11040000;36.765.561.333.333.300;0.92;0.88
6;2023-12-02 14:04:28.000000 UTC;2023-12-04 05:16:26.000000 UTC;4140000;11040000;11040000;12.221.106.605.555.500;0.92;0.88
7;2023-12-02 13:28:41.000000 UTC;2023-12-03 09:11:55.000000 UTC;4140000;11040000;11040000;15.828.281.833.333.300;0.92;0.88
1;2023-12-02 11:09:50.000000 UTC;2023-12-03 07:58:38.000000 UTC;2760000;9344900;9344900;13.629.221.166.666.600;0.92;0.88
6;2023-12-01 16:35:00.000000 UTC;2023-12-02 10:42:02.000000 UTC;4140000;11040000;11040000;11.936.358.683.333.300;0.92;0.88
2;2023-12-01 13:19:08.000000 UTC;2023-12-04 07:10:04.000000 UTC;4140000;12176200;12176200;36.088.819.555.555.500;0.92;0.88
1;2023-12-01 10:24:07.000000 UTC;2023-12-01 11:52:33.000000 UTC;4140000;12190000;12190000;14.209.688.777.777.700;0.92;0.88
7;2023-12-01 10:17:35.000000 UTC;2023-12-01 17:36:33.000000 UTC;4140000;11040000;11040000;19.502.774.611.111.100;0.92;0.88
6;2023-11-30 19:09:02.000000 UTC;2023-12-01 11:19:30.000000 UTC;4140000;11040000;11040000;12.064.888.305.555.500;0.92;0.88
5;2023-11-30 18:37:40.000000 UTC;2023-12-01 07:41:34.000000 UTC;1380000;13714900;13714900;18.018.762.222.222.200;0.92;0.88
2;2023-11-30 15:22:45.000000 UTC;2023-12-01 06:41:36.000000 UTC;4140000;11040000;11040000;60.543.034.166.666.600;0.92;0.88
2;2023-11-30 07:00:15.000000 UTC;2023-11-30 11:48:31.000000 UTC;4140000;12224499;12224499;31.209.801.444.444.400;0.92;0.88
6;2023-11-29 20:39:58.000000 UTC;2023-11-30 12:20:58.000000 UTC;4140000;11897900;11897900;12.075.143.877.777.700;0.92;0.88
7;2023-11-29 17:45:31.000000 UTC;2023-11-30 07:02:49.000000 UTC;4140000;12293500;12293500;18.729.835.333.333.300;0.92;0.88
2;2023-11-29 16:15:50.000000 UTC;2023-11-30 06:31:35.000000 UTC;4140000;14837300;14837300;54.417.039.111.111.100;0.92;0.88
1;2023-11-29 16:14:57.000000 UTC;2023-11-30 06:20:26.000000 UTC;2760000;8280000;8280000;13.971.744.833.333.300;0.92;0.88
5;2023-11-29 13:43:20.000000 UTC;2023-11-30 05:29:34.000000 UTC;1380000;8280000;8280000;86.095.197.222.222.200;0.92;0.88
1;2023-11-29 13:11:15.000000 UTC;2023-11-29 14:22:53.000000 UTC;2760000;9388600;9388600;83.039.417.222.222.200;0.92;0.88
5;2023-11-28 18:28:54.000000 UTC;2023-11-29 06:28:08.000000 UTC;4140000;12109500;12109500;16.070.451.388.888.800;0.92;0.88
2;2023-11-28 15:51:32.000000 UTC;2023-11-29 06:40:06.000000 UTC;4140000;12192299;12192299;5.499.858.005.555.550;0.92;0.88
7;2023-11-28 15:43:41.000000 UTC;2023-11-28 19:10:41.000000 UTC;4140000;11040000;11040000;13.059.318.222.222.200;0.92;0.88
6;2023-11-28 11:00:14.000000 UTC;2023-11-28 12:12:24.000000 UTC;4140000;12092020;12092020;120.591.645;0.92;0.88
2;2023-11-27 17:17:38.000000 UTC;2023-11-28 06:40:30.000000 UTC;4140000;12190000;12190000;75.958.371.444.444.400;0.92;0.88
3;2023-11-27 16:10:57.000000 UTC;2023-11-28 06:36:43.000000 UTC;4140000;12239220;12239220;26.612.911.938.888.800;0.92;0.88
7;2023-11-27 16:07:55.000000 UTC;2023-11-27 21:25:51.000000 UTC;4140000;12212999;12212999;19.882.209.444.444.400;0.92;0.88
6;2023-11-26 18:25:14.000000 UTC;2023-11-27 11:24:20.000000 UTC;4140000;11040000;11040000;12.005.982.111.111.100;0.92;0.88
5;2023-11-26 12:56:18.000000 UTC;2023-11-27 07:29:50.000000 UTC;1380000;2810600;2810600;11.659.175.333.333.300;0.92;0.88
1;2023-11-26 12:43:20.000000 UTC;2023-11-27 06:45:36.000000 UTC;2760000;12222200;12222200;48.978.549.833.333.300;0.92;0.88
3;2023-11-26 10:05:12.000000 UTC;2023-11-26 11:38:22.000000 UTC;4140000;12210929;12210929;1.239.356.891.111.110;0.92;0.88
6;2023-11-24 16:37:53.000000 UTC;2023-11-25 10:08:29.000000 UTC;4140000;11040000;11040000;18.231.137.194.444.400;0.92;0.88
1;2023-11-24 16:05:44.000000 UTC;2023-11-25 08:19:37.000000 UTC;2760000;9363300;9363300;14.454.871.333.333.300;0.92;0.88
7;2023-11-24 11:21:58.000000 UTC;2023-11-24 14:19:06.000000 UTC;4140000;11040000;11040000;13.391.452.277.777.700;0.92;0.88
2;2023-11-24 10:47:11.000000 UTC;2023-11-27 08:43:53.000000 UTC;4140000;12185400;12185400;371.735.085;0.92;0.88
5;2023-11-24 07:43:00.000000 UTC;2023-11-24 16:26:56.000000 UTC;1380000;10789300;10789300;10.336.313.722.222.200;0.92;0.88
2;2023-11-23 17:28:42.000000 UTC;2023-11-24 06:39:47.000000 UTC;4140000;12194600;12194600;4.027.835.261.111.110;0.92;0.88
6;2023-11-23 13:37:35.000000 UTC;2023-11-24 05:12:19.000000 UTC;4140000;11040000;11040000;10.058.520.361.111.100;0.92;0.88
7;2023-11-23 13:32:54.000000 UTC;2023-11-23 15:25:40.000000 UTC;4140000;11040000;11040000;9.262.823.222.222.220;0.92;0.88
7;2023-11-23 11:07:46.000000 UTC;2023-11-23 12:02:38.000000 UTC;4140000;11040000;11040000;96.142.772.777.777.700;0.92;0.88
2;2023-11-22 17:46:07.000000 UTC;2023-11-23 08:11:58.000000 UTC;4140000;11040000;11040000;75.367.183.277.777.700;0.92;0.88
6;2023-11-22 17:07:35.000000 UTC;2023-11-23 05:19:03.000000 UTC;4140000;11040000;11040000;10.113.146.383.333.300;0.92;0.88
6;2023-11-22 13:55:17.000000 UTC;2023-11-22 15:30:09.000000 UTC;4140000;11776230;11776230;10.054.693.161.111.100;0.92;0.88
1;2023-11-22 13:08:42.000000 UTC;2023-11-22 15:21:18.000000 UTC;2760000;9365600;9365600;8.345.409.444.444.440;0.92;0.88
1;2023-11-21 16:44:08.000000 UTC;2023-11-22 06:45:22.000000 UTC;1380000;11040000;11040000;35.147.287.722.222.200;0.92;0.88
2;2023-11-21 16:21:29.000000 UTC;2023-11-22 06:39:53.000000 UTC;4140000;12187700;12187700;71.811.077.888.888.800;0.92;0.88
1;2023-11-21 15:55:08.000000 UTC;2023-11-21 16:35:16.000000 UTC;4140000;12215300;12215300;70.845.392.222.222.200;0.92;0.88
6;2023-11-21 13:42:18.000000 UTC;2023-11-22 05:25:10.000000 UTC;4140000;12073390;12073390;99.574.648.777.777.700;0.92;0.88
5;2023-11-21 10:29:10.000000 UTC;2023-11-21 12:10:18.000000 UTC;4140000;11040000;11040000;14.580.168.944.444.400;0.92;0.88
2;2023-11-20 17:46:15.000000 UTC;2023-11-21 09:46:15.000000 UTC;4140000;12183100;12183100;93.461.586.111.111.100;0.92;0.88
1;2023-11-20 07:09:54.000000 UTC;2023-11-20 09:05:46.000000 UTC;4140000;12185400;12185400;13.288.306.222.222.200;0.92;0.88
6;2023-11-19 15:39:09.000000 UTC;2023-11-20 04:49:11.000000 UTC;4140000;11040000;11040000;99.385.789.388.888.800;0.92;0.88
7;2023-11-19 08:54:00.000000 UTC;2023-11-19 11:41:42.000000 UTC;4140000;11040000;11040000;14.882.640.666.666.600;0.92;0.88
1;2023-11-18 13:55:48.000000 UTC;2023-11-20 06:59:44.000000 UTC;2760000;8280000;8280000;13.110.605.666.666.600;0.92;0.88
3;2023-11-18 08:57:22.000000 UTC;2023-11-19 13:02:23.000000 UTC;4140000;12240830;12240830;68.002.982.838.888.800;0.92;0.88
1;2023-11-18 07:31:06.000000 UTC;2023-11-18 08:40:22.000000 UTC;2760000;8280000;8280000;79.639.046.111.111.100;0.92;0.88
2;2023-11-17 14:44:20.000000 UTC;2023-11-20 08:25:41.000000 UTC;4140000;11040000;11040000;56.729.001.666.666.600;0.92;0.88
1;2023-11-17 13:44:25.000000 UTC;2023-11-17 16:17:31.000000 UTC;2760000;9388600;9388600;13.950.909.388.888.800;0.92;0.88
5;2023-11-17 10:40:30.000000 UTC;2023-11-17 12:03:28.000000 UTC;1380000;12019799;12019799;12.027.304.388.888.800;0.92;0.88
2;2023-11-16 17:52:07.000000 UTC;2023-11-17 06:40:58.000000 UTC;4140000;12192299;12192299;53.958.744.944.444.400;0.92;0.88
1;2023-11-16 17:19:17.000000 UTC;2023-11-17 06:40:07.000000 UTC;2760000;11040000;11040000;18.460.235.722.222.200;0.92;0.88
7;2023-11-16 11:30:07.000000 UTC;2023-11-16 16:04:19.000000 UTC;4140000;12238300;12238300;19.223.783.333.333.300;0.92;0.88
6;2023-11-16 10:52:21.000000 UTC;2023-11-16 12:24:13.000000 UTC;4140000;12055450;12055450;14.662.594.938.888.800;0.92;0.88
2;2023-11-15 17:31:45.000000 UTC;2023-11-16 11:11:43.000000 UTC;4140000;12203800;12203800;53.657.249.444.444.400;0.92;0.88
1;2023-11-15 16:18:48.000000 UTC;2023-11-16 06:40:39.000000 UTC;2760000;9354100;9354100;14.313.081.444.444.400;0.92;0.88
5;2023-11-15 15:17:56.000000 UTC;2023-11-16 17:09:26.000000 UTC;1380000;8280000;8280000;10.838.499.555.555.500;0.92;0.88
6;2023-11-15 11:11:07.000000 UTC;2023-11-15 12:19:23.000000 UTC;4140000;11040000;11040000;11.698.634.644.444.400;0.92;0.88
2;2023-11-14 16:15:33.000000 UTC;2023-11-15 06:42:58.000000 UTC;4140000;12201500;12201500;39.426.745.666.666.600;0.92;0.88
1;2023-11-14 15:50:30.000000 UTC;2023-11-15 06:36:58.000000 UTC;4140000;12127899;12127899;29.252.378.777.777.700;0.92;0.88
6;2023-11-14 11:46:31.000000 UTC;2023-11-14 12:27:41.000000 UTC;4140000;11040000;11040000;69.477.451.888.888.800;0.92;0.88
7;2023-11-14 10:19:25.000000 UTC;2023-11-14 11:48:43.000000 UTC;4140000;11040000;11040000;13.097.127.666.666.600;0.92;0.88
2;2023-11-13 17:46:05.000000 UTC;2023-11-14 11:08:41.000000 UTC;4140000;12180799;12180799;44.765.337;0.92;0.88
1;2023-11-13 16:51:33.000000 UTC;2023-11-14 06:39:12.000000 UTC;2760000;11040000;11040000;212.301.615;0.92;0.88
1;2023-11-13 13:11:05.000000 UTC;2023-11-13 14:56:45.000000 UTC;2760000;9402400;9402400;12.194.693.277.777.700;0.92;0.88
3;2023-11-13 07:15:52.000000 UTC;2023-11-13 16:39:18.000000 UTC;4140000;8280000;8280000;31.505.299.694.444.400;0.92;0.88
1;2023-11-13 07:06:07.000000 UTC;2023-11-13 11:25:29.000000 UTC;4140000;12194600;12194600;37.247.297.611.111.100;0.92;0.88
7;2023-11-12 13:14:09.000000 UTC;2023-11-12 15:06:11.000000 UTC;4140000;11040000;11040000;12.529.181;0.92;0.88
3;2023-11-12 09:07:34.000000 UTC;2023-11-12 12:41:42.000000 UTC;4140000;12264520;12264520;72.148.098.166.666.600;0.92;0.88
6;2023-11-11 15:03:57.000000 UTC;2023-11-12 10:30:05.000000 UTC;4140000;11040000;11040000;17.262.977.494.444.400;0.92;0.88
2;2023-11-11 14:33:20.000000 UTC;2023-11-13 10:57:07.000000 UTC;4140000;12185400;12185400;50.123.592.055.555.500;0.92;0.88
1;2023-11-11 08:05:09.000000 UTC;2023-11-11 09:53:40.000000 UTC;2760000;9377100;9377100;12.544.345.666.666.600;0.92;0.88
6;2023-11-10 14:39:41.000000 UTC;2023-11-11 08:49:31.000000 UTC;4140000;11040000;11040000;99.696.444;0.92;0.88
2;2023-11-09 17:39:36.000000 UTC;2023-11-10 07:10:16.000000 UTC;4140000;12185400;12185400;403.635.625;0.92;0.88
5;2023-11-09 17:14:59.000000 UTC;2023-11-09 21:52:49.000000 UTC;4140000;12017500;12017500;12.108.495.666.666.600;0.92;0.88
5;2023-11-09 17:12:19.000000 UTC;2023-11-09 17:14:51.000000 UTC;1380000;12017500;12017500;0.052424666666666661;0.92;0.88
6;2023-11-09 13:41:05.000000 UTC;2023-11-10 05:28:37.000000 UTC;4140000;11040000;11040000;994.385.565;0.92;0.88
7;2023-11-09 10:00:49.000000 UTC;2023-11-09 14:03:59.000000 UTC;4140000;11040000;11040000;2.036.296.311.111.110;0.92;0.88
3;2023-11-08 14:20:07.000000 UTC;2023-11-09 06:26:32.000000 UTC;4140000;8280000;8280000;0.0;0.92;0.88
2;2023-11-08 14:16:23.000000 UTC;2023-11-09 06:41:03.000000 UTC;4140000;12201500;12201500;56.232.191.444.444.400;0.92;0.88
5;2023-11-08 13:38:15.000000 UTC;2023-11-08 15:26:03.000000 UTC;1380000;2833600;2833600;19.963.284.444.444.400;0.92;0.88
6;2023-11-08 13:30:55.000000 UTC;2023-11-09 04:57:11.000000 UTC;4140000;11040000;11040000;78.649.468.555.555.500;0.92;0.88
1;2023-11-08 12:59:26.000000 UTC;2023-11-09 06:48:12.000000 UTC;4140000;12183100;12183100;47.074.850.055.555.500;0.92;0.88
3;2023-11-07 16:22:03.000000 UTC;2023-11-08 11:44:09.000000 UTC;4140000;13553670;13553670;13.331.107.688.888.800;0.92;0.88
3;2023-11-07 16:13:17.000000 UTC;2023-11-07 16:21:57.000000 UTC;4140000;9724860;9724860;0.13919242222222222;0.92;0.88
2;2023-11-07 13:46:45.000000 UTC;2023-11-08 06:41:59.000000 UTC;4140000;11040000;11040000;4.020.712.288.888.880;0.92;0.88
7;2023-11-07 09:39:17.000000 UTC;2023-11-07 11:59:01.000000 UTC;4140000;11040000;11040000;12.153.228.111.111.100;0.92;0.88
5;2023-11-07 07:06:07.000000 UTC;2023-11-07 14:49:03.000000 UTC;1380000;2833600;2833600;52.091.805.555.555.500;0.92;0.88
2;2023-11-07 06:54:57.000000 UTC;2023-11-07 09:34:09.000000 UTC;4140000;12180799;12180799;21.295.889.111.111.100;0.92;0.88
3;2023-11-06 17:08:47.000000 UTC;2023-11-07 07:08:41.000000 UTC;4140000;9728080;9728080;41.418.016.666.666.600;0.92;0.88
2;2023-11-06 17:04:34.000000 UTC;2023-11-07 06:40:33.000000 UTC;4140000;12178500;12178500;51.908.197.833.333.300;0.92;0.88
6;2023-11-06 16:29:45.000000 UTC;2023-11-07 05:26:31.000000 UTC;4140000;11040000;11040000;15.921.287.955.555.500;0.92;0.88
1;2023-11-06 14:28:46.000000 UTC;2023-11-07 06:58:27.000000 UTC;2760000;9384000;9384000;14.298.100.777.777.700;0.92;0.88
6;2023-11-06 13:52:17.000000 UTC;2023-11-06 14:34:29.000000 UTC;4140000;11040000;11040000;72.174.605.666.666.600;0.92;0.88
5;2023-11-06 12:22:29.000000 UTC;2023-11-06 16:37:43.000000 UTC;1380000;2833600;2833600;0.12986822222222222;0.92;0.88
3;2023-11-06 07:10:33.000000 UTC;2023-11-06 17:08:39.000000 UTC;4140000;8280000;8280000;0.0;0.92;0.88
1;2023-11-06 07:02:26.000000 UTC;2023-11-06 11:31:28.000000 UTC;4140000;12194600;12194600;37.701.994.833.333.300;0.92;0.88
6;2023-11-05 15:22:11.000000 UTC;2023-11-06 05:23:13.000000 UTC;4140000;11040000;11040000;15.789.798.361.111.100;0.92;0.88
7;2023-11-05 09:50:35.000000 UTC;2023-11-05 13:32:51.000000 UTC;4140000;11040000;11040000;24.283.724.555.555.500;0.92;0.88
7;2023-11-04 10:28:11.000000 UTC;2023-11-04 12:59:29.000000 UTC;4140000;11040000;11040000;3.518.655;0.92;0.88
5;2023-11-04 10:11:55.000000 UTC;2023-11-04 16:33:17.000000 UTC;1380000;2833600;2833600;15.723.221.666.666.600;0.92;0.88
6;2023-11-03 13:42:27.000000 UTC;2023-11-04 10:10:29.000000 UTC;4140000;11040000;11040000;99.136.463;0.92;0.88
2;2023-11-03 12:55:10.000000 UTC;2023-11-06 10:02:46.000000 UTC;4140000;12173900;12173900;297.216.005;0.92;0.88
2;2023-11-02 17:18:12.000000 UTC;2023-11-03 06:42:38.000000 UTC;4140000;12190000;12190000;33.049.818.055.555.500;0.92;0.88
6;2023-11-02 15:49:57.000000 UTC;2023-11-02 17:51:45.000000 UTC;4140000;11040000;11040000;11.875.740.522.222.200;0.92;0.88
1;2023-11-02 13:08:11.000000 UTC;2023-11-03 06:45:18.000000 UTC;2760000;9377100;9377100;14.313.480.111.111.100;0.92;0.88
7;2023-11-02 10:35:05.000000 UTC;2023-11-02 18:03:37.000000 UTC;4140000;11040000;11040000;73.176.736.111.111.100;0.92;0.88
5;2023-11-02 08:31:33.000000 UTC;2023-11-02 15:18:23.000000 UTC;1380000;2826700;2826700;16.934.184.444.444.400;0.92;0.88
1;2023-11-01 18:48:21.000000 UTC;2023-11-02 06:34:17.000000 UTC;4140000;12196900;12196900;218.144.765;0.92;0.88
2;2023-11-01 17:44:08.000000 UTC;2023-11-02 09:06:18.000000 UTC;4140000;12183100;12183100;38.766.887.166.666.600;0.92;0.88
6;2023-11-01 15:39:59.000000 UTC;2023-11-01 17:25:53.000000 UTC;1380000;11040000;11040000;78.748.225.444.444.400;0.92;0.88
5;2023-11-01 09:18:29.000000 UTC;2023-11-01 13:33:57.000000 UTC;1380000;2815200;2815200;27.111.083.888.888.800;0.92;0.88
2;2023-11-01 06:50:04.000000 UTC;2023-11-01 09:36:54.000000 UTC;4140000;8280000;8280000;0.0;0.92;0.88
7;2023-10-31 11:23:35.000000 UTC;2023-10-31 14:38:13.000000 UTC;4140000;11040000;11040000;18.119.995.444.444.400;0.92;0.88
3;2023-10-31 11:14:26.000000 UTC;2023-11-02 09:37:36.000000 UTC;4140000;13549530;13549530;68.657.074.344.444.400;0.92;0.88
1;2023-10-30 18:35:17.000000 UTC;2023-10-31 07:26:25.000000 UTC;2760000;8280000;8280000;73.994.795;0.92;0.88
1;2023-10-30 13:11:33.000000 UTC;2023-10-30 15:17:33.000000 UTC;2760000;9372500;9372500;14.124.641.166.666.600;0.92;0.88
5;2023-10-30 12:39:31.000000 UTC;2023-10-30 14:58:47.000000 UTC;1380000;2815200;2815200;0.87270944444444454;0.92;0.88
6;2023-10-30 08:24:43.000000 UTC;2023-10-30 11:53:35.000000 UTC;1380000;11040000;11040000;14.753.624.594.444.400;0.92;0.88
6;2023-10-28 12:22:09.000000 UTC;2023-10-29 13:11:41.000000 UTC;4140000;11040000;11040000;80.465.220.166.666.600;0.92;0.88
2;2023-10-28 10:37:02.000000 UTC;2023-10-28 14:55:34.000000 UTC;4140000;12180799;12180799;35.577.355.777.777.700;0.92;0.88
7;2023-10-27 16:27:27.000000 UTC;2023-10-27 20:29:59.000000 UTC;4140000;11040000;11040000;21.039.968.111.111.100;0.92;0.88
3;2023-10-27 13:35:17.000000 UTC;2023-10-29 08:06:37.000000 UTC;4140000;13497090;13497090;67.574.297.722.222.200;0.92;0.88
6;2023-10-27 12:13:01.000000 UTC;2023-10-27 16:20:29.000000 UTC;4140000;11040000;11040000;79.901.767.444.444.400;0.92;0.88
7;2023-10-26 18:44:23.000000 UTC;2023-10-26 21:14:01.000000 UTC;4140000;11040000;11040000;2.373.478.611.111.110;0.92;0.88
2;2023-10-26 17:46:32.000000 UTC;2023-10-27 05:39:18.000000 UTC;4140000;12176200;12176200;62.560.937.888.888.800;0.92;0.88
7;2023-10-26 17:03:57.000000 UTC;2023-10-26 18:42:45.000000 UTC;4140000;11040000;11040000;1.757.012.933.333.330;0.92;0.88
6;2023-10-26 15:05:05.000000 UTC;2023-10-27 02:44:39.000000 UTC;4140000;11040000;11040000;7.868.105.011.111.110;0.92;0.88
1;2023-10-25 17:10:17.000000 UTC;2023-10-26 05:49:19.000000 UTC;4140000;11040000;11040000;65.190.407.777.777.700;0.92;0.88
7;2023-10-25 14:36:33.000000 UTC;2023-10-25 16:41:47.000000 UTC;4140000;12263600;12263600;20.391.226.277.777.700;0.92;0.88
2;2023-10-25 13:43:32.000000 UTC;2023-10-26 08:12:40.000000 UTC;4140000;12178500;12178500;54.615.737.388.888.800;0.92;0.88
6;2023-10-25 12:41:25.000000 UTC;2023-10-25 15:19:27.000000 UTC;4140000;11040000;11040000;79.354.308.666.666.600;0.92;0.88
1;2023-10-25 12:08:15.000000 UTC;2023-10-25 14:54:41.000000 UTC;2760000;11040000;11040000;29.698.306.611.111.100;0.92;0.88
5;2023-10-25 12:03:43.000000 UTC;2023-10-26 07:57:21.000000 UTC;1380000;2815200;2815200;20.079.102.222.222.200;0.92;0.88
6;2023-10-24 16:04:07.000000 UTC;2023-10-25 04:04:47.000000 UTC;4140000;11040000;11040000;10.038.931.261.111.100;0.92;0.88
6;2023-10-24 14:18:27.000000 UTC;2023-10-24 14:56:11.000000 UTC;4140000;14418700;14418700;63.793.753.222.222.200;0.92;0.88
1;2023-10-24 13:29:16.000000 UTC;2023-10-25 08:40:47.000000 UTC;2760000;9381700;9381700;98.122.395.555.555.500;0.92;0.88
2;2023-10-24 12:48:02.000000 UTC;2023-10-25 05:40:33.000000 UTC;4140000;12190000;12190000;31.781.553.333.333.300;0.92;0.88
5;2023-10-24 12:15:07.000000 UTC;2023-10-24 16:34:17.000000 UTC;1380000;8280000;8280000;0.10320355555555556;0.92;0.88
3;2023-10-23 15:27:04.000000 UTC;2023-10-24 05:07:04.000000 UTC;4140000;13513420;13513420;44.775.621.705.555.500;0.92;0.88
7;2023-10-23 14:08:53.000000 UTC;2023-10-23 19:26:39.000000 UTC;4140000;12293500;12293500;13.144.041.277.777.700;0.92;0.88
2;2023-10-23 13:11:45.000000 UTC;2023-10-24 05:39:11.000000 UTC;4140000;12183100;12183100;40.366.493.722.222.200;0.92;0.88
1;2023-10-23 12:45:48.000000 UTC;2023-10-23 15:36:01.000000 UTC;2760000;7360000;7360000;22.731.705;0.92;0.88
6;2023-10-23 12:06:23.000000 UTC;2023-10-23 14:35:11.000000 UTC;4140000;11040000;11040000;98.731.310.333.333.300;0.92;0.88
5;2023-10-23 10:46:22.000000 UTC;2023-10-23 15:06:44.000000 UTC;1380000;8280000;8280000;3.285.993.388.888.880;0.92;0.88
1;2023-10-23 10:21:34.000000 UTC;2023-10-23 12:12:32.000000 UTC;2760000;9374800;9374800;12.808.765.166.666.600;0.92;0.88
6;2023-10-22 13:08:37.000000 UTC;2023-10-22 15:50:39.000000 UTC;4140000;11040000;11040000;98.084.313.944.444.400;0.92;0.88
3;2023-10-21 07:51:04.000000 UTC;2023-10-23 06:23:56.000000 UTC;4140000;9741420;9741420;28.634.610.788.888.800;0.92;0.88
2;2023-10-20 12:48:54.000000 UTC;2023-10-23 06:26:25.000000 UTC;4140000;12169300;12169300;320.272.815;0.92;0.88
2;2023-10-19 19:17:04.000000 UTC;2023-10-20 05:42:00.000000 UTC;4140000;12171600;12171600;37.075.555.333.333.300;0.92;0.88
6;2023-10-19 14:38:49.000000 UTC;2023-10-20 07:18:37.000000 UTC;4140000;11040000;11040000;40.197.425.833.333.300;0.92;0.88
6;2023-10-18 15:36:51.000000 UTC;2023-10-18 17:31:15.000000 UTC;4140000;12050390;12050390;39.899.950.222.222.200;0.92;0.88
2;2023-10-18 15:24:12.000000 UTC;2023-10-19 11:26:58.000000 UTC;4140000;12192299;12192299;59.296.729.333.333.300;0.92;0.88
3;2023-10-18 15:03:20.000000 UTC;2023-10-19 06:16:48.000000 UTC;4140000;12247500;12247500;39.393.633.333.333.300;0.92;0.88
6;2023-10-17 15:52:04.000000 UTC;2023-10-17 17:18:52.000000 UTC;4140000;11040000;11040000;59.656.441.666.666.600;0.92;0.88
2;2023-10-17 11:43:05.000000 UTC;2023-10-18 05:40:51.000000 UTC;4140000;12180799;12180799;56.646.636.111.111.100;0.92;0.88
2;2023-10-16 16:16:54.000000 UTC;2023-10-17 04:57:17.000000 UTC;4140000;12183100;12183100;64.771.379.722.222.200;0.92;0.88
6;2023-10-16 16:02:56.000000 UTC;2023-10-17 07:19:10.000000 UTC;4140000;11040000;11040000;10.031.739.033.333.300;0.92;0.88
5;2023-10-16 09:55:59.000000 UTC;2023-10-16 15:56:03.000000 UTC;1380000;2808300;2808300;24.594.015;0.92;0.88
5;2023-10-15 07:55:53.000000 UTC;2023-10-16 09:55:51.000000 UTC;1380000;2808300;2808300;73.302.405.555.555.500;0.92;0.88
6;2023-10-14 09:55:40.000000 UTC;2023-10-15 16:05:18.000000 UTC;4140000;11040000;11040000;11.071.005.533.333.300;0.92;0.88
5;2023-10-14 07:47:34.000000 UTC;2023-10-14 09:33:30.000000 UTC;1380000;8280000;8280000;19.149.212.222.222.200;0.92;0.88
1;2023-10-13 14:33:24.000000 UTC;2023-10-14 08:43:15.000000 UTC;2760000;8280000;8280000;14.163.488.166.666.600;0.92;0.88
6;2023-10-13 13:48:22.000000 UTC;2023-10-14 08:47:34.000000 UTC;4140000;12078450;12078450;10.426.179.705.555.500;0.92;0.88
2;2023-10-13 13:46:26.000000 UTC;2023-10-16 05:41:14.000000 UTC;4140000;12171600;12171600;39.001.475.666.666.600;0.92;0.88
1;2023-10-13 12:16:18.000000 UTC;2023-10-13 13:03:36.000000 UTC;2760000;9390900;9390900;53.883.441.666.666.600;0.92;0.88
7;2023-10-13 09:53:28.000000 UTC;2023-10-13 13:43:26.000000 UTC;4140000;11040000;11040000;10.836.259.611.111.100;0.92;0.88
2;2023-10-12 17:10:29.000000 UTC;2023-10-13 08:41:36.000000 UTC;4140000;12199200;12199200;32.968.974.333.333.300;0.92;0.88
1;2023-10-12 16:10:50.000000 UTC;2023-10-13 05:43:02.000000 UTC;4140000;11040000;11040000;36.626.116.166.666.600;0.92;0.88
1;2023-10-12 15:24:40.000000 UTC;2023-10-12 15:50:08.000000 UTC;4140000;12141700;12141700;44.589.755;0.92;0.88
7;2023-10-12 14:44:06.000000 UTC;2023-10-12 17:42:20.000000 UTC;4140000;12318800;12318800;14.654.373.333.333.300;0.92;0.88
3;2023-10-12 07:27:48.000000 UTC;2023-10-15 15:34:20.000000 UTC;4140000;13532739;13532739;66.892.537.216.666.600;0.92;0.88
2;2023-10-11 18:21:15.000000 UTC;2023-10-12 09:52:19.000000 UTC;4140000;12199200;12199200;52.153.287.111.111.100;0.92;0.88
1;2023-10-11 17:20:03.000000 UTC;2023-10-12 05:49:40.000000 UTC;4140000;12217600;12217600;28.702.628.944.444.400;0.92;0.88
7;2023-10-11 14:55:09.000000 UTC;2023-10-11 16:20:03.000000 UTC;4140000;12259000;12259000;10.858.866.055.555.500;0.92;0.88
6;2023-10-11 12:32:34.000000 UTC;2023-10-12 04:16:58.000000 UTC;4140000;12027390;12027390;62.277.124.277.777.700;0.92;0.88
5;2023-10-11 08:14:59.000000 UTC;2023-10-11 16:37:00.000000 UTC;4140000;11987599;11987599;150.016.925;0.92;0.88
7;2023-10-10 15:24:07.000000 UTC;2023-10-10 16:29:46.000000 UTC;4140000;14312900;14312900;1.832.140.388.888.880;0.92;0.88
1;2023-10-10 15:18:30.000000 UTC;2023-10-11 06:17:58.000000 UTC;2760000;11173400;11173400;14.393.906;0.92;0.88
3;2023-10-10 14:30:30.000000 UTC;2023-10-10 17:46:17.000000 UTC;4140000;9740500;9740500;77.061.548.555.555.500;0.92;0.88
2;2023-10-10 12:45:17.000000 UTC;2023-10-11 09:40:53.000000 UTC;4140000;14828100;14828100;31.298.529.055.555.500;0.92;0.88
1;2023-10-10 12:01:45.000000 UTC;2023-10-10 14:53:39.000000 UTC;4140000;12127899;12127899;30.256.450.166.666.600;0.92;0.88
7;2023-10-10 09:50:49.000000 UTC;2023-10-10 14:40:17.000000 UTC;4140000;11040000;11040000;38.615.108.888.888.800;0.92;0.88
2;2023-10-09 19:20:20.000000 UTC;2023-10-10 05:41:49.000000 UTC;4140000;14828100;14828100;50.238.500.055.555.500;0.92;0.88
6;2023-10-09 12:43:50.000000 UTC;2023-10-10 04:21:24.000000 UTC;1380000;11040000;11040000;1.869.740.546.111.110;0.92;0.88
7;2023-10-08 12:13:05.000000 UTC;2023-10-08 14:35:43.000000 UTC;4140000;11040000;11040000;12.994.588.555.555.500;0.92;0.88
3;2023-10-07 19:17:37.000000 UTC;2023-10-08 13:42:21.000000 UTC;4140000;13533890;13533890;4.293.754.425;0.92;0.88
7;2023-10-07 16:37:05.000000 UTC;2023-10-07 19:56:27.000000 UTC;4140000;11040000;11040000;11.914.035.777.777.700;0.92;0.88
1;2023-10-07 08:49:25.000000 UTC;2023-10-07 12:20:38.000000 UTC;4140000;12192299;12192299;207.981.755;0.92;0.88
3;2023-10-07 08:15:05.000000 UTC;2023-10-07 12:21:04.000000 UTC;4140000;13540099;13540099;178.733.874;0.92;0.88
3;2023-10-06 16:47:13.000000 UTC;2023-10-07 06:20:07.000000 UTC;4140000;12164470;12164470;21.503.099.944.444.400;0.92;0.88
6;2023-10-06 13:12:22.000000 UTC;2023-10-09 03:46:06.000000 UTC;4140000;11040000;11040000;13.709.518.638.888.800;0.92;0.88
2;2023-10-06 12:56:52.000000 UTC;2023-10-09 10:39:24.000000 UTC;4140000;12157800;12157800;39.240.906.944.444.400;0.92;0.88
2;2023-10-06 11:43:46.000000 UTC;2023-10-06 11:51:14.000000 UTC;4140000;12153200;12153200;12.240.804.444.444.400;0.92;0.88
7;2023-10-06 11:07:11.000000 UTC;2023-10-06 20:43:09.000000 UTC;4140000;11040000;11040000;11.921.222;0.92;0.88
1;2023-10-06 07:45:17.000000 UTC;2023-10-06 10:20:13.000000 UTC;4140000;12196900;12196900;22.698.564.555.555.500;0.92;0.88
5;2023-10-06 06:40:57.000000 UTC;2023-10-06 20:56:53.000000 UTC;1380000;2806000;2806000;3.480.330.611.111.110;0.92;0.88
2;2023-10-06 00:00:02.000000 UTC;2023-10-06 06:41:20.000000 UTC;4140000;8280000;8280000;0.0;0.92;0.88
5;2023-10-06 00:00:01.000000 UTC;2023-10-06 06:13:09.000000 UTC;1380000;2803700;2803700;0.0;0.92;0.88
1;2023-10-06 00:00:01.000000 UTC;2023-10-06 05:46:05.000000 UTC;4140000;8280000;8280000;0.0;0.92;0.88
